index,mean_fit_time,mean_score_time,mean_test_score,mean_train_score,param_classifier,param_classifier__max_depth,param_classifier__n_estimators,params,rank_test_score,split0_test_score,split0_train_score,split1_test_score,split1_train_score,split2_test_score,split2_train_score,std_fit_time,std_score_time,std_test_score,std_train_score
0,0.010486523310343424,0.0023794968922932944,0.24731522090137611,0.5233518408672817,RandomForestRegressor,1,1,dict,290,0.02000796138312899,0.4916668464300733,0.48591486414338936,0.5477571496188995,0.23599529477828363,0.5306315265528723,0.0011464650399428589,3.487563924922171e-05,0.19045074667516587,0.023470206585006974
1,0.011001348495483398,0.0021149317423502603,0.3452393475577004,0.6201253988239844,RandomForestRegressor,1,2,dict,288,0.3261964039676827,0.632933932391137,0.5484833833594933,0.5995660584663571,0.16058898438931113,0.6278762056144591,0.000518668682297546,8.22048298901522e-05,0.15889724334921757,0.014683551046266095
2,0.011194944381713867,0.001832882563273112,0.33056686174627536,0.6102810385511347,RandomForestRegressor,1,3,dict,289,0.34630299977757206,0.6303743960900863,0.5396311435035931,0.5975394885776795,0.10521814825085929,0.6029292309856381,0.0017647117802764732,0.0005135283576594875,0.17766145934094166,0.014377519343223434
3,0.010102192560831705,0.0009682973225911459,0.3877195041199742,0.6255686006079871,RandomForestRegressor,1,4,dict,278,0.4529495876449945,0.637762367569416,0.6119016412507642,0.6503325205763124,0.09760139999914985,0.5886109136782329,0.000990742036100574,5.4042830171440626e-05,0.21493310492723677,0.02663212538836619
4,0.010038614273071289,0.0009407202402750651,0.43394726931490596,0.6448577212951856,RandomForestRegressor,1,5,dict,262,0.4846515699617584,0.6309156796272275,0.6294910292673792,0.6609049205681967,0.1870986036897282,0.6427525636901326,0.000566781123997108,0.00014063831260307375,0.18409848472362134,0.012333218273169431
5,0.016449928283691406,0.0011469523111979167,0.3783179983438895,0.611100660716717,RandomForestRegressor,1,6,dict,284,0.43587959893141703,0.5792098464488719,0.5253808360201373,0.5916610957663571,0.1731944760843488,0.6624310399349223,0.0009843336763758607,2.409823642827152e-05,0.14940818250550358,0.03665027762882666
6,0.03189603487650553,0.002359628677368164,0.39591402238662754,0.6154015345484355,RandomForestRegressor,1,7,dict,271,0.4299310851777467,0.6369344947222756,0.54117809733684,0.594642599160432,0.21619561357763417,0.6146275097625987,0.006833526837992517,0.0006546021943510857,0.1348124039167397,0.017274266860087723
7,0.05562734603881836,0.0034203529357910156,0.375645637094513,0.6213762112988115,RandomForestRegressor,1,8,dict,286,0.4353388876115547,0.6514847016105135,0.516795625801967,0.5836166802897269,0.17431253631093313,0.629027251996194,0.004678659921189159,0.0007189211966684055,0.14603068301132516,0.028230254424576006
8,0.03178739547729492,0.0019986629486083984,0.3878902074152224,0.6110407999876567,RandomForestRegressor,1,9,dict,277,0.41331099339245947,0.5700621989757132,0.5530666268983065,0.6124521102510068,0.19682813072207117,0.6506080907362501,0.006574129819601084,0.0006956929398992172,0.1465123341563437,0.03289786231524891
9,0.06781093279520671,0.009687423706054688,0.4037811213496213,0.6362634539242485,RandomForestRegressor,1,10,dict,265,0.4368652920115331,0.6430919046643209,0.5739906451497812,0.6139704334042995,0.19999158860837374,0.6517280237041252,0.009687925852164807,0.004104595732876065,0.15443769291304926,0.01615301232886237
10,0.051032066345214844,0.008052905400594076,0.3832739487957748,0.6288683869312938,RandomForestRegressor,1,11,dict,282,0.4329656371075973,0.6196547469246717,0.5507149576537551,0.5958974016463416,0.16561165968165548,0.6710530122228676,0.016644694139196878,0.004621038693123411,0.16106983795385224,0.031366221979610746
11,0.06661399205525716,0.006699323654174805,0.40178693283486766,0.6293555143030592,RandomForestRegressor,1,12,dict,266,0.46305595108493625,0.6491794637034065,0.5517429209700377,0.5980606314783211,0.19004674350722583,0.6408264477274503,0.018845978838239963,0.005472906884093011,0.15386478446541307,0.02239003479577787
12,0.08481637636820476,0.0027999083201090493,0.3918118826244002,0.6197514990670733,RandomForestRegressor,1,13,dict,272,0.4458516143660568,0.6211709557708844,0.5428737291480734,0.5946315400279264,0.1862100566072037,0.6434520014024088,0.004275873113140264,0.0005814419407662502,0.15051506483069996,0.019956126965668584
13,0.06273134549458821,0.0018770694732666016,0.401245297364448,0.6381899416182644,RandomForestRegressor,1,14,dict,267,0.4094461266688072,0.6454173040621431,0.5644420871650713,0.6171701850176617,0.22942963528603877,0.6519823357749881,0.021238926240718766,4.448535471613293e-05,0.13686345615307258,0.015102925456327923
14,0.09340635935465495,0.006529887517293294,0.38789669091161866,0.6248827077539206,RandomForestRegressor,1,15,dict,276,0.46759071919868045,0.6567947422474933,0.5330502117085489,0.5947007230202366,0.16250073317132407,0.6231526579940319,0.00445976044593271,0.0029144293957493648,0.16141437834219557,0.025379277768519493
15,0.09942356745402019,0.010816415150960287,0.3744507835240184,0.6079328487306104,RandomForestRegressor,1,16,dict,287,0.42649181024090876,0.5873708938380654,0.5250479373396701,0.5921136444270825,0.17131836352676266,0.6443140079266831,0.014879562747177817,0.011366187495910033,0.14900131227347374,0.02579812627724347
16,0.08254464467366536,0.005100091298421224,0.38816545435475097,0.6208101582621227,RandomForestRegressor,1,17,dict,275,0.43528928319364124,0.6146098822413821,0.5376870562631395,0.5922355513521617,0.19104040060564964,0.6555850411928247,0.03320817750868215,0.0035688143150635647,0.14536450623917457,0.02623130487055617
17,0.10889840126037598,0.00578157107035319,0.39685802084938876,0.624241761003692,RandomForestRegressor,1,18,dict,269,0.4717957611185105,0.6345440512338733,0.5356759844366763,0.5943794113772307,0.18258096161771986,0.643801820399972,0.010651950517728947,0.004533130319221879,0.15356476702185431,0.021451441542748768
18,0.09694560368855794,0.0060176849365234375,0.38157904333678017,0.6218296581200679,RandomForestRegressor,1,19,dict,283,0.42314968718559776,0.6078168642404905,0.5269054527830783,0.5916850995665237,0.19422614357021295,0.6659870105531891,0.0277979276478614,0.0020376592237594817,0.13893710304039034,0.031910941574964796
19,0.11730162302652995,0.008617003758748373,0.39698261551464387,0.631483703712776,RandomForestRegressor,1,20,dict,268,0.46097332780546085,0.6524374951959071,0.5544422081231124,0.6087431206743941,0.174992187920482,0.6332704952680268,0.013269871187821563,0.0067234709618355535,0.16136039707932825,0.017882842042080422
20,0.1276872158050537,0.011465628941853842,0.377637569358106,0.6237942632074933,RandomForestRegressor,1,21,dict,285,0.43841010318677065,0.6422568078259097,0.5286096568371849,0.5939698720052097,0.16537649775448993,0.6351561097913607,0.0069756164670974315,0.005243881654954226,0.15436859785223903,0.021287331304238266
21,0.11257004737854004,0.009254217147827148,0.40479818672709406,0.6239418563212629,RandomForestRegressor,1,22,dict,264,0.4512997066934419,0.6337632231148552,0.554819551256495,0.608417471255378,0.20779597812281903,0.6296448745935554,0.02210758995098132,0.0030823276917816955,0.14541399716092462,0.011105407013136281
22,0.15052270889282227,0.006765921910603841,0.3968459308739447,0.6222461803540577,RandomForestRegressor,1,23,dict,270,0.46899272030062855,0.640712920783348,0.5397479420053026,0.5969776934075923,0.18127262104624908,0.6290479268712326,0.015914094886653875,0.002665344003407052,0.15496596942938082,0.01849126541848317
23,0.14778399467468262,0.004052797953287761,0.3882586150595142,0.6178692254465624,RandomForestRegressor,1,24,dict,274,0.4145533193792178,0.602478224359766,0.5578129863207845,0.6083777690025014,0.19193185880639152,0.6427516829774199,0.013036880331525016,0.0007913167433922381,0.15049431434055655,0.017758635013782303
24,0.13843520482381186,0.0053863525390625,0.3851537719860491,0.6183793834525906,RandomForestRegressor,1,25,dict,281,0.453157520289178,0.6277900121639926,0.5556839538302505,0.6049243577667707,0.1460380517651887,0.6224237804270085,0.033265852190385664,0.0018829078667753683,0.17398842839245368,0.009763107357745921
25,0.1624462604522705,0.011012395222981771,0.3906689038435933,0.6206564838190407,RandomForestRegressor,1,26,dict,273,0.44480194452486077,0.6430198213214369,0.5280071165601639,0.5943706324337688,0.1987306473886874,0.6245789977019165,0.015454527614684785,0.001166027092100941,0.13975019121546545,0.020053685965893613
26,0.17226839065551758,0.007381439208984375,0.3873405004247382,0.6197850416139508,RandomForestRegressor,1,27,dict,279,0.45006314475413245,0.6201912122863916,0.5635564879791315,0.6164292575384985,0.1478190913900146,0.6227346550169622,0.009877567939354516,0.005036124358157384,0.17539666827249314,0.002590140318170347
27,0.16318035125732422,0.011456171671549479,0.3862998917605216,0.6200542099016825,RandomForestRegressor,1,28,dict,280,0.44487314902232633,0.6539277586207453,0.5322774493940217,0.5951841640731433,0.18125017243864294,0.6110507070111588,0.005632949384916931,0.0055938884770567465,0.14915035711761354,0.02481262814667849
28,0.17368682225545248,0.012898445129394531,0.40703363640595386,0.6270480380376651,RandomForestRegressor,1,29,dict,263,0.46049128576227627,0.626554787950499,0.5719220615224925,0.6226436128040387,0.1881550105319395,0.6319457133584574,0.017271071277829522,0.005961712172572562,0.16114215391448858,0.0038135495641633916
29,0.016811291376749676,0.002960364023844401,0.6068594143555184,0.7570975501553402,RandomForestRegressor,2,1,dict,261,0.600102260399609,0.7676024821419611,0.6820724050838888,0.7733055857573464,0.5382366121275148,0.7303845825667129,0.007701432115437499,0.0019295160696721231,0.05890310190306014,0.01903187371674586
30,0.01568301518758138,0.0020269552866617837,0.722738581802737,0.8024440377726031,RandomForestRegressor,2,2,dict,254,0.7473192673254194,0.7763560928708708,0.7682239290321153,0.8102770656658476,0.6525016562878663,0.8206989547810909,0.0036963713437846548,0.0012789354294121963,0.05033393117207728,0.018931272101639498
31,0.021381298700968426,0.003946701685587565,0.6738022047870671,0.8067946180320309,RandomForestRegressor,2,3,dict,260,0.7372583668858002,0.8045252897528455,0.7729827945530667,0.8256241725337736,0.5107687779177865,0.7902343918094736,0.0033664608605689416,0.003376964622176225,0.11606244842839097,0.014536655577253471
32,0.03527275721232096,0.004789193471272786,0.7101639277768861,0.8200424843399565,RandomForestRegressor,2,4,dict,257,0.7056557902092618,0.8169505784559611,0.7914552727183707,0.8251284315617285,0.6331934442874796,0.8180484430021797,0.0072300380200272215,0.0034161273082558307,0.06467566295265818,0.003624129412465791
33,0.031678199768066406,0.005873680114746094,0.7238919097762517,0.8240304787382873,RandomForestRegressor,2,5,dict,251,0.7557719332535756,0.8203334837009666,0.768133664809718,0.8217082839466331,0.647584468391045,0.8300496685672623,0.004378100802079536,0.0018861435388698926,0.05412779769314508,0.004293056687008121
34,0.04438432057698568,0.004796663920084636,0.7065980411239191,0.8403323439772117,RandomForestRegressor,2,6,dict,259,0.7530919332588042,0.8441996191697743,0.7788508036802364,0.8438345520470153,0.5875617604456651,0.8329628607148455,0.00629368074243546,0.0021701165567581215,0.08472459140120918,0.005213142441097084
35,0.04639736811319987,0.003522952397664388,0.7148363573453753,0.8359624609111656,RandomForestRegressor,2,7,dict,256,0.7171679982910006,0.8346393467726971,0.8050911349274318,0.841209803972546,0.6220241182846993,0.8320382319882538,0.0046528561187904865,0.002383322570086299,0.07473978316474454,0.0038593960178007793
36,0.06325984001159668,0.002481698989868164,0.7083025924730335,0.8331640361115557,RandomForestRegressor,2,8,dict,258,0.7326346935825605,0.8129620010918515,0.7598969691687825,0.8424838968593181,0.6321909281365254,0.8440462103834974,0.0064445675357641535,0.0010865111254148246,0.05489460617326032,0.014299227720171328
37,0.07051889101664226,0.002908945083618164,0.728849278433232,0.8410228083074305,RandomForestRegressor,2,9,dict,248,0.781869167779099,0.8438787540567161,0.7761680559792671,0.836717382761834,0.6282658830854961,0.8424722881037411,0.007980279938383222,0.0011478766917657841,0.07107477337254883,0.003098069664132246
38,0.07971747716267903,0.008664766947428385,0.7235206394632349,0.8388747651759997,RandomForestRegressor,2,10,dict,252,0.7701051342894797,0.8519704755869137,0.7788223491068204,0.8285564213876889,0.6213859320556729,0.8360973985533966,0.01590113002429073,0.0035135677882794,0.0722200394182152,0.009758408597318243
39,0.07080403963724773,0.004621982574462891,0.727385248711613,0.836989027735899,RandomForestRegressor,2,11,dict,249,0.7406354609628287,0.8186563915521188,0.7927136664980661,0.8488783931434095,0.6486149634787306,0.8434322985121686,0.002989216450851689,0.0024673686677595696,0.05955854851533976,0.013152417997418897
40,0.08858331044514973,0.008526325225830078,0.7247187111203416,0.8404329492573882,RandomForestRegressor,2,12,dict,250,0.7823076831649801,0.84555119830874,0.7941086698339188,0.8356813468269485,0.5974300756529594,0.8400663026364761,0.007042525883032633,0.005291911125855585,0.09002620064246458,0.004037682039374023
41,0.08426102002461751,0.009979009628295898,0.7209045650358784,0.8346728998355221,RandomForestRegressor,2,13,dict,255,0.7812588662902871,0.8462734952429345,0.7904296283191292,0.83444291937193,0.5907084215603222,0.8233022848917018,0.0047812467018062835,0.004259423857929269,0.09202676085527946,0.009379367232046127
42,0.0918730099995931,0.0073426564534505205,0.7420234254917946,0.8389507142296214,RandomForestRegressor,2,14,dict,234,0.763455900491211,0.8408120605713657,0.8020073037958357,0.8439777100479068,0.6604084957168652,0.8320623720695917,0.00783159085849662,0.004212646659663585,0.05975196915693055,0.005039330473870075
43,0.11196192105611165,0.007099628448486328,0.7298341773043747,0.8371088072383742,RandomForestRegressor,2,15,dict,246,0.7748877140863202,0.8354390927136989,0.7927820831493865,0.8354258400961538,0.6215693165246691,0.84046148890527,0.01771316040246653,0.0034538491202427747,0.07681010328906532,0.002370710115502947
44,0.10581334431966145,0.007073005040486653,0.7369330366959707,0.8446600876528535,RandomForestRegressor,2,16,dict,237,0.7828050556262839,0.850650418130152,0.7963864771433622,0.8449536267190614,0.63135068595393,0.8383762181093473,0.003914430869698455,0.0024877072132624993,0.07477313857334364,0.00501521820231338
45,0.14461231231689453,0.0065581003824869795,0.7338895323385171,0.8377723528468491,RandomForestRegressor,2,17,dict,242,0.7703398634603458,0.8380712352321986,0.79283975629178,0.8337747579603558,0.6382562929827544,0.8414710653479929,0.013309549746162793,0.0032877532894286243,0.06816285455342225,0.0031491040907379044
46,0.11420615514119466,0.004944403966267903,0.7345471891747472,0.8466315067132745,RandomForestRegressor,2,18,dict,240,0.7730804719000296,0.8468483115168565,0.8065817127206212,0.8488328720369324,0.6237097053273193,0.8442133365860348,0.0053585083563866456,0.0016711997236151202,0.07946531365537478,0.0018921381534597224
47,0.1439786752065023,0.004318078358968099,0.7318589127168236,0.8457385115165504,RandomForestRegressor,2,19,dict,245,0.7580347457828338,0.8365681385929813,0.8065540656432841,0.8519427557380032,0.6307418999292492,0.8487046402186672,0.03505382854535252,0.002484370118987447,0.07411180018106418,0.00661781195950949
48,0.1333289941151937,0.007816314697265625,0.7321436116982429,0.8442654866614534,RandomForestRegressor,2,20,dict,244,0.7710774304690292,0.8494088704625284,0.7954773929674634,0.8459818624905838,0.6296265784874067,0.8374057270312479,0.010562651283131556,0.0008950927602792173,0.07308483000855297,0.0050483213413365065
49,0.15224615732828775,0.0058892567952473955,0.7385543524528967,0.84803906414214,RandomForestRegressor,2,21,dict,235,0.7726546999613785,0.8367621806880667,0.8133430349210946,0.8579994530267829,0.629399739476274,0.8493555587115703,0.02623082490191346,0.0031582105139108863,0.07886074663424451,0.008719912176954715
50,0.14468232790629068,0.007972399393717447,0.7332816812944406,0.8445185464061469,RandomForestRegressor,2,22,dict,243,0.7741929607094743,0.8420219154864614,0.8011927928170981,0.857203677852655,0.6241938698910479,0.834330045879324,0.004789085008884987,0.005756996307867329,0.07782798556698782,0.00950353037471496
51,0.15331292152404785,0.007318894068400065,0.7364738849391366,0.8436707899687651,RandomForestRegressor,2,23,dict,239,0.7737974342264768,0.8438723122952921,0.8117535259426665,0.8533342128802659,0.6235960527207277,0.8338058447307373,0.008382487429212614,0.0019022087673550125,0.0812127312802187,0.007973696302299108
52,0.16667771339416504,0.003832658131917318,0.7379803323145573,0.8464700663377654,RandomForestRegressor,2,24,dict,236,0.7633827887089051,0.8365680980794898,0.8109483957349191,0.8571060464030718,0.6393698844027387,0.8457360545307346,0.015067796404409865,0.0006525986545380875,0.0723019207521768,0.008400631338781456
53,0.16914129257202148,0.005287011464436849,0.743484972725375,0.8482796135783125,RandomForestRegressor,2,25,dict,233,0.7765426216267627,0.8416703774709479,0.8120275191906359,0.855327156945771,0.6416369720041736,0.8478413063182186,0.009089238350605332,0.001963905519592659,0.07337521189983823,0.005583964621824165
54,0.191485325495402,0.0049474239349365234,0.7290307904225178,0.8437587142923698,RandomForestRegressor,2,26,dict,247,0.7626287686306163,0.8372432700907745,0.803287477391641,0.8536433035395125,0.6209130650863273,0.8403895692468222,0.025182164688441845,0.002769287146180592,0.07814247204355959,0.007106505378097084
55,0.1885965665181478,0.007641792297363281,0.7232279717850867,0.8431559431320417,RandomForestRegressor,2,27,dict,253,0.7633689628999449,0.8378585566999448,0.7852369733293135,0.8400017854551931,0.6208288328024428,0.851607487240987,0.009169991581400867,0.005605738872257612,0.0728683881204444,0.006039856827410048
56,0.2001802921295166,0.010547955830891928,0.7344913371697416,0.8482735190758973,RandomForestRegressor,2,28,dict,241,0.7749521496959582,0.8490509775045854,0.7989253226095339,0.8477753526753864,0.6293406982330839,0.8479942270477204,0.017423715735418073,0.0011257815005553597,0.07490487811123862,0.0005569606233655559
57,0.1881251335144043,0.008454322814941406,0.7368623487255922,0.8432822722214214,RandomForestRegressor,2,29,dict,238,0.7697107864290345,0.8361155448249897,0.8050020130359423,0.8565059586568663,0.6356279342678637,0.8372253131824083,0.0034672154368175314,0.0021994250856229992,0.0729347833491227,0.00936152796143193
58,0.008445262908935547,0.0032424132029215493,0.7775697986563233,0.8499642581763526,RandomForestRegressor,3,1,dict,230,0.786920951324849,0.8521261237090073,0.7860031746586446,0.862995473667548,0.759741893086279,0.8347711771525026,0.004714854096447732,0.0017757602003900844,0.01259646571437321,0.0116234812736478
59,0.016848246256510418,0.002720912297566732,0.8073581987186614,0.8822920930922834,RandomForestRegressor,3,2,dict,227,0.8172044537406175,0.880076959678598,0.8300143943176126,0.8972397602003954,0.7747764738279475,0.869559559397857,0.0024567968192791734,0.0012400972173906043,0.023597971256197763,0.01140843229509154
60,0.02410260836283366,0.0018507639567057292,0.8197588328611242,0.8930526419185568,RandomForestRegressor,3,3,dict,225,0.8156209727530503,0.8821850668623259,0.8506238344868571,0.9072878713628473,0.7929665031934224,0.8896849875304975,0.004448614977084203,0.0010906080719072203,0.02371512165332589,0.010521201468334017
61,0.030928373336791992,0.00879995028177897,0.8259919597357881,0.89403509593212,RandomForestRegressor,3,4,dict,221,0.8361232289625458,0.8888846276945618,0.8463421503387498,0.9098431516173191,0.7954361548820936,0.8833775084844794,0.006980152220244881,0.001926626754164215,0.02197979272870877,0.011401843678641898
62,0.049109299977620445,0.007751623789469401,0.8223025771497003,0.8979558369451656,RandomForestRegressor,3,5,dict,223,0.8344253512885984,0.8951971484762367,0.8537231823547342,0.9100533371488512,0.7786529944415147,0.8886170252104086,0.013710828074322308,0.005315452249093527,0.03181891359942361,0.008966107997416498
63,0.047736406326293945,0.0040883223215738935,0.8291478419068419,0.8988028592925782,RandomForestRegressor,3,6,dict,219,0.8530181421601437,0.8998345388144642,0.8426131597662563,0.9048167418336897,0.7917211613109241,0.8917572972295805,0.009037749788316134,0.0026852836388248135,0.026771864263410206,0.005381173683553805
64,0.06230425834655762,0.004614988962809245,0.8346587276445936,0.9042435142842362,RandomForestRegressor,3,7,dict,210,0.8554626243589935,0.9023195034422691,0.8683298731312412,0.9143096753911031,0.7800508194869583,0.8961013640193366,0.021728251248991904,0.004345941114014123,0.0389230111528345,0.007556984144608906
65,0.06073474884033203,0.0070667266845703125,0.8379981740242658,0.9015857994580051,RandomForestRegressor,3,8,dict,206,0.8517600941157076,0.8975355357394205,0.8628050129191094,0.9107763566500634,0.7993353448941115,0.8964455059845317,0.013759932803141783,0.0033728858054919903,0.027675564627679675,0.006513923412813799
66,0.06313864390055339,0.00461427370707194,0.8291889223760688,0.902791990224607,RandomForestRegressor,3,9,dict,218,0.8425170194359604,0.9053459488620512,0.8585678392724087,0.9121639475794825,0.7863777449711636,0.8908660742322875,0.0057111164668802086,0.0021668982280021467,0.03093770780257195,0.008880385908267039
67,0.07522932688395183,0.006620327631632487,0.8397523710447619,0.9050041360015415,RandomForestRegressor,3,10,dict,202,0.8594378020828808,0.9044698709860055,0.8616808919727137,0.9127719833510454,0.7980369216348713,0.8977705536675733,0.01667129246377912,0.0021826684421330676,0.029475610426768054,0.006135948851761961
68,0.08013407389322917,0.004084984461466472,0.8401506785365205,0.9043855308113962,RandomForestRegressor,3,11,dict,200,0.850152427471839,0.9049190629944803,0.8623777625382651,0.9143323240933985,0.8078432386898549,0.8939052053463099,0.00887120661983838,0.0014742124048242578,0.02335691680490966,0.008347865496428984
69,0.09259200096130371,0.006604353586832683,0.8461642409375024,0.905114261555973,RandomForestRegressor,3,12,dict,194,0.8558889075477278,0.9017687550334035,0.8663254736472824,0.9172448657377021,0.8162054491801312,0.896329163896813,0.002885819525412795,0.0012191056427822051,0.021583352478328464,0.008860434763360793
70,0.09406979878743489,0.008516629536946615,0.8305143218554092,0.9053817436046742,RandomForestRegressor,3,13,dict,216,0.8474820327972137,0.9059778274855178,0.8599113645316026,0.9126409837815607,0.7840364834724894,0.897526419546944,0.0035331634979630113,0.003483335456107701,0.03321499224663521,0.006184874021640185
71,0.11388595898946126,0.008504629135131836,0.8338859914714836,0.9037461183592694,RandomForestRegressor,3,14,dict,212,0.8553291010834737,0.9057051529746649,0.8577615380343662,0.9124466349733635,0.7884568019888673,0.89308656712978,0.00998995366531085,0.004730711760130152,0.03209956128327924,0.008024189229875621
72,0.11420241991678874,0.005396207173665364,0.831748644052518,0.9054582938224319,RandomForestRegressor,3,15,dict,215,0.8478105168409644,0.9067044036076266,0.8614066128264184,0.9133594604553443,0.7859172906814829,0.8963110174043245,0.007841067690647439,0.0006769352826476536,0.032841057925181105,0.007015551525648105
73,0.12455089886983235,0.008585373560587565,0.8317900861450962,0.9043188311518354,RandomForestRegressor,3,16,dict,214,0.8540155642732852,0.9043688501562859,0.8578117091104862,0.9116796025733082,0.7834253091951913,0.8969080407259122,0.008441602494661037,0.003772285703140285,0.034192599738456654,0.006030568590023407
74,0.12217195828755696,0.004476308822631836,0.8396983060237087,0.9065681087425772,RandomForestRegressor,3,17,dict,203,0.8380970134013965,0.9073497176333929,0.8701045806640959,0.9165408174142526,0.810823067951931,0.8958137911800861,0.003564745177779309,0.002192278968735174,0.024223157185958792,0.008479803003671283
75,0.13751610120137533,0.009000539779663086,0.8368266800107012,0.9080698835232702,RandomForestRegressor,3,18,dict,208,0.8479414750534443,0.9051092503303486,0.8641762933732428,0.9186914773944775,0.7982684559751595,0.9004089228449845,0.011746228258222271,0.000676438930453373,0.028027192427101413,0.007751858353155019
76,0.13999223709106445,0.005070130030314128,0.8391130000968504,0.9051441486386147,RandomForestRegressor,3,19,dict,205,0.8406165497633571,0.9040083044989407,0.8608129552058306,0.9167245718872159,0.8158529014072773,0.8946995695296877,0.0024081991232196413,0.0007189796077278317,0.018381935467998163,0.009027468772013011
77,0.14505203564961752,0.010651985804239908,0.8417407018799418,0.9069307237975512,RandomForestRegressor,3,20,dict,198,0.8541186633578576,0.9087100110305395,0.8588286590799034,0.9153669322622235,0.812202915107728,0.8967152280998907,0.003489352014309347,0.0035717784028758757,0.020949447626398394,0.007717767999143384
78,0.15878566106160483,0.00696261723836263,0.8437125998622192,0.907732735473742,RandomForestRegressor,3,21,dict,196,0.8513963852753879,0.903814983073849,0.8682022154685815,0.918478894376358,0.8114607271328849,0.900904328971019,0.010768052716749351,0.0036369328017812827,0.023789432119044083,0.007691030498651654
79,0.15134676297505698,0.004369020462036133,0.8341621684791971,0.9050212283298719,RandomForestRegressor,3,22,dict,211,0.8421081351565467,0.9016404830335522,0.8627378823086321,0.9174842895768248,0.7975514107028837,0.8959389123792384,0.010682845482311031,0.0010054397462096415,0.027194334909357205,0.00911492909884693
80,0.1761302947998047,0.0058104197184244795,0.8356466049319536,0.9054208341504842,RandomForestRegressor,3,23,dict,209,0.8517187076987145,0.9037987216477911,0.8585811928179314,0.9124884139925755,0.7965447760093302,0.8999753668110864,0.010045789484003259,0.0026634835665911762,0.027757373679925736,0.005235616752595549
81,0.1593626340230306,0.009337902069091797,0.8378189783561348,0.9061342787703461,RandomForestRegressor,3,24,dict,207,0.8369204125070825,0.9061512762355111,0.8625572262982519,0.9164223963490077,0.8139211506969892,0.8958291637265197,0.004484567599702767,0.0017899809361044173,0.019861728452669664,0.008407160604561755
82,0.18218239148457846,0.0120849609375,0.8404497101110459,0.9068605134317487,RandomForestRegressor,3,25,dict,199,0.8537406781004163,0.9079914114407058,0.8640211313920139,0.9166978463111606,0.803497412574194,0.8958922825433797,0.018221603789286316,0.00381734717736966,0.026433007881807073,0.008531395690967818
83,0.1868431568145752,0.011111974716186523,0.8447029516925076,0.9078019601499827,RandomForestRegressor,3,26,dict,195,0.8505565307910368,0.9057888356217522,0.8690311466969947,0.9184078226682392,0.8144475635063134,0.8992092221599569,0.008779498578819664,0.0038979443130639523,0.022660804436580622,0.007966013982068936
84,0.1916499137878418,0.007563034693400065,0.8400728807404989,0.9057406103818652,RandomForestRegressor,3,27,dict,201,0.843476903892305,0.9009366918653092,0.8676299758536175,0.918062936946947,0.8090362475529771,0.898222202333339,0.010730377416800038,0.00206230490953473,0.02403688489415467,0.008783390094839461
85,0.21509567896525064,0.00780487060546875,0.8422700700410516,0.9081338838589065,RandomForestRegressor,3,28,dict,197,0.858213861254015,0.9054489562271532,0.8645699288626129,0.9176484512203671,0.8039331428113207,0.9013042441291991,0.009399278165695947,0.004473868272800545,0.0271994622264335,0.006937333957199069
86,0.2025465965270996,0.007100741068522136,0.8392854822098995,0.9070986847181789,RandomForestRegressor,3,29,dict,204,0.8454200603553389,0.9046837399837815,0.8649637193978564,0.9186755374169427,0.8073950746439824,0.8979367767538126,0.012269839659913864,0.005873677625438993,0.023895032877376824,0.00863705262279112
87,0.0076067447662353516,0.004548231760660808,0.8213660489030974,0.8948141271405285,RandomForestRegressor,4,1,dict,224,0.8150047305149325,0.8932765262112629,0.8278107787674611,0.906508049720357,0.8212824339842738,0.8846578054899654,0.0016305482822691695,0.0033971088308505345,0.005230502013799753,0.008986339844274726
88,0.023055076599121094,0.004143714904785156,0.8469730443631607,0.9116727315133408,RandomForestRegressor,4,2,dict,192,0.8426416765482247,0.9113896632703182,0.870857959050757,0.9239284424300899,0.8273718059127623,0.8997000888396144,0.006786323551881322,0.0012308776573602886,0.01801215346785489,0.009893208955269349
89,0.024137020111083984,0.0045579274495442705,0.8535021323570677,0.9176540838272697,RandomForestRegressor,4,3,dict,186,0.8476510241562766,0.9148384764488582,0.8780994450843573,0.9294373178379822,0.8347102053805043,0.9086864571949685,0.0016697083543056764,0.0029313213883137307,0.018187407631106024,0.008702309579970417
90,0.03128512700398763,0.0023827552795410156,0.8478075841466041,0.9194318063988683,RandomForestRegressor,4,4,dict,191,0.8546535428020821,0.9170620302470087,0.8680910273874349,0.9307454478043437,0.8206120129773773,0.9104879411452529,0.00865862057903203,0.0007437291946768934,0.019975448661776654,0.00843814842518661
91,0.04273533821105957,0.006382544835408528,0.8560969249082759,0.9209517973482871,RandomForestRegressor,4,5,dict,184,0.8524149803948817,0.9208100950200234,0.8706079224440597,0.9289271899288694,0.8452414595614417,0.9131181070959691,0.0019649918342111213,0.003602234219559839,0.010676415011774945,0.006454808784503335
92,0.0432585875193278,0.0052293141682942705,0.8644115015781032,0.9247750379363581,RandomForestRegressor,4,6,dict,169,0.8616160751803843,0.9236021746404843,0.8842293239180834,0.9367083138892125,0.8473475875969585,0.9140146252793774,0.002758941106839608,0.0029554050501544677,0.015183215420032184,0.009301705288571048
93,0.06070796648661295,0.005450010299682617,0.864777574867582,0.9246398058236648,RandomForestRegressor,4,7,dict,167,0.8635697770866375,0.922774413255327,0.8785348210561333,0.9351173869623699,0.8521975180492255,0.9160276172532976,0.0035686958579277226,0.0031263323151453437,0.010783881820329733,0.007904201159799382
94,0.0624703566233317,0.0033905506134033203,0.8667768672642159,0.9258505873699452,RandomForestRegressor,4,8,dict,162,0.8660890434843319,0.9203319784258701,0.878533159354202,0.9380146023972956,0.8556814026899429,0.91920518128667,0.009430743691484729,0.0015126160433954568,0.009339977771945422,0.008613549950995118
95,0.06941390037536621,0.002892732620239258,0.8709791823303127,0.9250096904193296,RandomForestRegressor,4,9,dict,137,0.8808527372001662,0.9253181570468627,0.8790494277926756,0.9350756679233827,0.8529916166314322,0.9146352462877433,0.008020575319634274,0.0008797087948916359,0.012724978234811264,0.008347617340930494
96,0.07763671875,0.008353869120279947,0.8633450390579138,0.9259380488350525,RandomForestRegressor,4,10,dict,173,0.864080873516822,0.9248723455222132,0.878829451759609,0.9358540599254727,0.8470852303188704,0.9170877410574718,0.004697744010145486,0.004584963940889239,0.012967340183926989,0.0076982887114439786
97,0.08920494715372722,0.006137450536092122,0.8632493392392818,0.9258023547579602,RandomForestRegressor,4,11,dict,174,0.8632328484673549,0.922924424564666,0.8880939370579675,0.938374825938332,0.8383606758338724,0.9161078137708825,0.004027757934715828,0.004409720363695777,0.020299386718856494,0.009315464538942475
98,0.09458239873250325,0.007866779963175455,0.8668618780516223,0.9262271668126272,RandomForestRegressor,4,12,dict,161,0.8687095512207199,0.9213542369956808,0.8822717717311106,0.939055556992086,0.849562219576576,0.9182717064501147,0.0029629950512641318,0.0033012458144839737,0.01341475033859458,0.009157918052643989
99,0.09911266962687175,0.005231777826944987,0.8664823677716192,0.9262254699430352,RandomForestRegressor,4,13,dict,163,0.8645530668279796,0.9214353316819807,0.8779207480812689,0.9382254002489814,0.8569500955291067,0.9190156778981438,0.01063416650919143,0.0007893058543833793,0.00866765391681742,0.008542537742344954
100,0.11708331108093262,0.006558418273925781,0.8677610911531823,0.9279508924008787,RandomForestRegressor,4,14,dict,154,0.87992281507634,0.9274163451778451,0.885257647553721,0.9385308397092774,0.8380304735604037,0.9179054923155138,0.015298296491552116,0.0037290645375676955,0.02110987332527908,0.00842874226792262
101,0.12646905581156412,0.002510627110799154,0.8669079446892805,0.9273217369625298,RandomForestRegressor,4,15,dict,160,0.8771581234169827,0.9263476251829302,0.8862530948765184,0.9384783130625114,0.837240432045279,0.9171392726421481,0.010838237397205316,0.000411090480573578,0.02127927407853415,0.008738815016344818
102,0.13480440775553384,0.00537721316019694,0.8693613177237259,0.9276578273358144,RandomForestRegressor,4,16,dict,146,0.8768808577221177,0.9259266813346877,0.8835876559776008,0.9392193484440308,0.8475624007440143,0.9178274522287246,0.020373706884353256,0.0032642101211248077,0.015637174923473638,0.008818577201171015
103,0.13352560997009277,0.007374763488769531,0.8721158602254641,0.9273612984777131,RandomForestRegressor,4,17,dict,134,0.8777330305348354,0.9270606689070305,0.8871767925959694,0.9377443014590929,0.8513873231488072,0.9172789250670157,0.014686053386959075,0.00128151338407495,0.015139008588317609,0.008357658815777883
104,0.14084871610005698,0.010758717854817709,0.8681282587411419,0.92810556716372,RandomForestRegressor,4,18,dict,150,0.8754082250335841,0.927226548235368,0.8850152302621043,0.939296726094029,0.8439023771769728,0.9177934271617627,0.0061295233086734475,0.006136081342518361,0.017553563662764615,0.008800661791399638
105,0.14909680684407553,0.010093371073404947,0.8677034703999581,0.9278822975030048,RandomForestRegressor,4,19,dict,155,0.8733495255083483,0.9264869814800369,0.8849440235975279,0.9389850527432608,0.8447610410981296,0.9181748582857163,0.006228250414837174,0.005595848637261474,0.016880781390834,0.008552825203528439
106,0.16088994344075522,0.013333559036254883,0.8642834626789327,0.9269037064995134,RandomForestRegressor,4,20,dict,170,0.8699075163438983,0.9253972101126218,0.8811547948667141,0.9370785080107571,0.8417332100314232,0.9182354013751611,0.012206650075967244,0.007264949114596813,0.01657525191826362,0.00776607217079085
107,0.17429566383361816,0.01241596539815267,0.869304023389235,0.9285929920009979,RandomForestRegressor,4,21,dict,147,0.878915127775534,0.9271016758574431,0.8842084946521336,0.9397288616556386,0.8447286536530882,0.9189484384899118,0.016047512939889267,0.0013499533698281489,0.017490380612403704,0.008548860142993301
108,0.16899569829305014,0.010365565617879232,0.8687865144976564,0.9280613276848597,RandomForestRegressor,4,22,dict,148,0.8691060809412696,0.9265060465310697,0.881628059316322,0.9380273756341119,0.8555933029640062,0.9196505608893976,0.008242522807575708,0.004619236695617025,0.010628885092122592,0.0075824800094642765
109,0.1849822998046875,0.008577982584635416,0.8672569713992259,0.9281679985617245,RandomForestRegressor,4,23,dict,159,0.8706001512021272,0.9270350696182199,0.8844991220685829,0.9393256316251198,0.8466214328038648,0.918143294441834,0.016240591836124002,0.0036514864432712862,0.01564025968773887,0.008684679926164113
110,0.20171538988749185,0.007595936457316081,0.8728385847134318,0.928231951234532,RandomForestRegressor,4,24,dict,130,0.8771234678126919,0.9267166309162101,0.8889314804104251,0.939318349797955,0.8524111040176754,0.9186608729894306,0.0028593778671083293,0.0035292110481650123,0.015211521858323456,0.008501175752957968
111,0.17770743370056152,0.010042190551757812,0.8686775292320494,0.9280716929554109,RandomForestRegressor,4,25,dict,149,0.8725570507308875,0.927877281426688,0.8879828972673233,0.9382289690680725,0.8454360911868781,0.9181088283714721,0.007047476538292435,0.002607920554958062,0.017581715924718227,0.008215163309175058
112,0.21168208122253418,0.007666349411010742,0.8680594439113104,0.9290033021509055,RandomForestRegressor,4,26,dict,152,0.8784865540203621,0.9280091529587539,0.8862601923116766,0.9400489130615892,0.8393617613567474,0.9189518404323737,0.005001790574247999,0.0011721006047592183,0.020514783650353856,0.008641483971432648
113,0.2068957487742106,0.006405353546142578,0.8730476370880306,0.927889928960414,RandomForestRegressor,4,27,dict,126,0.8739441945813988,0.9265964183668641,0.881881863270658,0.937828548842294,0.8632931197933127,0.9192448196720839,0.009073361607289537,0.002783194230855201,0.007613748736161373,0.007641711183133832
114,0.2348783810933431,0.011417309443155924,0.8679652727394309,0.9278938503757989,RandomForestRegressor,4,28,dict,153,0.8751856766749703,0.9266313758688091,0.8813287416916337,0.9380875748366159,0.8473311952836697,0.9189626004219719,0.02464618549928882,0.00126552534374882,0.014787131574432946,0.007858606449865286
115,0.2208106517791748,0.010577042897542318,0.8724918296825891,0.9286697302218215,RandomForestRegressor,4,29,dict,132,0.8778971319702289,0.9269791760633704,0.887655616249123,0.9392701098935377,0.8518725723190154,0.9197599047085567,0.0037930535794949522,0.004999898566315361,0.015097810665478129,0.008054212422163802
116,0.009398937225341797,0.001737833023071289,0.8254813103186209,0.9107631314390331,RandomForestRegressor,5,1,dict,222,0.8121024896391695,0.9075105444822835,0.8393397316479413,0.9254694630740743,0.8250005399110691,0.8993093867607412,0.0029908249289252683,0.0005977760334124836,0.011129250129746237,0.010924647656050212
117,0.01462554931640625,0.0032584667205810547,0.8502221497789317,0.928428710055354,RandomForestRegressor,5,2,dict,188,0.8428614943851518,0.926254981679549,0.864526280088098,0.9404038027550868,0.8432617395588735,0.9186273457314262,0.0015025206322267807,0.0005727114353263761,0.010122023984509192,0.009022096630483376
118,0.023525158564249676,0.004269043604532878,0.8672985109074965,0.9338013941139586,RandomForestRegressor,5,3,dict,158,0.8832823138564783,0.9304506941299412,0.8801236382464167,0.945914687967246,0.8384193149359654,0.9250388002446887,0.003947897035723503,0.0019116072927974248,0.02043657489468075,0.008845754719576908
119,0.035121758778889976,0.003667036692301432,0.8626461416817185,0.9359108271283528,RandomForestRegressor,5,4,dict,177,0.8683935204480606,0.93280053631733,0.8762207161288502,0.9468898785324702,0.8432770617530896,0.9280420665352584,0.00731948613939168,0.0006656044487518411,0.014047894793707768,0.008002726034188183
120,0.046197096506754555,0.003681659698486328,0.8700159496439649,0.9391158722311256,RandomForestRegressor,5,5,dict,144,0.8769663313112037,0.9377029451922173,0.8770913735735819,0.9477880228534377,0.8559559347651657,0.9318566486477217,0.003628364785213002,0.0013419395178473263,0.00992996101364785,0.006580245341606282
121,0.05749201774597168,0.004885435104370117,0.8728943262747617,0.9392664101650982,RandomForestRegressor,5,6,dict,128,0.8913863269533089,0.935730546205777,0.884970115344152,0.9505383714000225,0.8422519809420729,0.9315303128894946,0.009449509553188393,0.0024483842936118025,0.02179911120264746,0.008152845006050834
122,0.06320810317993164,0.0026927789052327475,0.8696091395002543,0.9409457801807569,RandomForestRegressor,5,7,dict,145,0.881428357056575,0.9392697410041149,0.8802406300247458,0.9506303885372661,0.8471036735948546,0.9329372110008894,0.0018179835590892747,0.0014518397441829185,0.015901796420224518,0.007319788855090697
123,0.07461055119832356,0.003946383794148763,0.8716831079758749,0.9428299542659584,RandomForestRegressor,5,8,dict,135,0.8833557982626177,0.9391170888599838,0.8882484792078836,0.9543781524754738,0.8433761731363457,0.9349946214624177,0.0024104799975173605,0.00175345794386777,0.020091277790416136,0.00833743948606479
124,0.07353711128234863,0.003247499465942383,0.876230706875517,0.9418344530974824,RandomForestRegressor,5,9,dict,110,0.8877174206339622,0.9386290718571426,0.8843642896806054,0.9526101741697771,0.8565625559301212,0.9342641132655275,0.0006656130077948869,0.000996979742807852,0.013957897863530652,0.007825187509896095
125,0.09014002482096355,0.0044676462809244795,0.8751818052430778,0.9406912829187517,RandomForestRegressor,5,10,dict,117,0.8769543853561033,0.9370191805221947,0.8857374097942531,0.9506698380782492,0.8628235518357936,0.9343848301558111,0.01261589091176449,0.0026781979439381245,0.009436353670299368,0.007137395545835467
126,0.11072699228922527,0.005560874938964844,0.8801522833676308,0.9430264826433256,RandomForestRegressor,5,11,dict,57,0.8809448652051753,0.9395671598020411,0.8931937309140534,0.9550297146954612,0.8662845124485808,0.9344825734324743,0.03186521860981638,0.0018342351961652327,0.010997711456846422,0.008737712874296047
127,0.10489090283711751,0.0038723150889078775,0.8782714867739255,0.9421109022762155,RandomForestRegressor,5,12,dict,87,0.88699393213765,0.9389674068120271,0.8910188846943058,0.9531866426501259,0.8567492780183963,0.9341786573664935,0.013160024283999589,0.0014104794823577619,0.015288605451764192,0.00807205256572436
128,0.10894433657328288,0.004172325134277344,0.8734628448861556,0.9424200843440534,RandomForestRegressor,5,13,dict,125,0.8767622646306278,0.939926054745034,0.8854055756317474,0.9525390637915212,0.8581835184192861,0.934795134495605,0.0032067333888712722,0.0010238882108973314,0.011353684012273407,0.007455507782626513
129,0.11468132336934407,0.013457059860229492,0.880752857257247,0.942823370738742,RandomForestRegressor,5,14,dict,51,0.8806750737966889,0.9407075755572438,0.8876776585767221,0.9529830058963841,0.8738891393547714,0.934779530762598,0.0005187769994124884,0.0035360186900077637,0.0056282619116563015,0.007580636238651298
130,0.12544520696004233,0.008465051651000977,0.8836236455599713,0.9425364117759983,RandomForestRegressor,5,15,dict,17,0.8866793390381449,0.9398900432443632,0.891643164590133,0.9531965709978942,0.8725214203382012,0.9345226210857379,0.007848980458661434,0.0011589234723209288,0.00809874552730517,0.007849906629353528
131,0.13023940722147623,0.008195638656616211,0.8782403452296429,0.9431516659378673,RandomForestRegressor,5,16,dict,89,0.8854045682858726,0.9397468017776456,0.8907535777284589,0.9537121424436874,0.8585148958805606,0.9359960535922689,0.006090117308760168,0.0019386611773601346,0.014101271128122511,0.007622763104019895
132,0.13866162300109863,0.008162339528401693,0.8760283791135343,0.9433690411483143,RandomForestRegressor,5,17,dict,111,0.881471295177993,0.9411197368605508,0.8894668699009084,0.9536642840973925,0.8571009200498675,0.9353231024869997,0.00432216569907947,0.0037470846838709884,0.013760524890085361,0.0076548138688699655
133,0.1590417226155599,0.005261659622192383,0.8784778815581418,0.9426567914509435,RandomForestRegressor,5,18,dict,84,0.880294934906191,0.9394724496997864,0.8901286944184146,0.9532407849331691,0.8649771668956527,0.9352571397198753,0.014848689361144128,0.003892048012629751,0.010346164950287482,0.00767931846283806
134,0.16740798950195312,0.005894025166829427,0.8807439197177994,0.9431443637791467,RandomForestRegressor,5,19,dict,52,0.8817046187316289,0.9398917228960315,0.8871500231881193,0.9532045143876771,0.8733591494227133,0.9363368540537317,0.013782475461563148,0.0036860032257513484,0.005669846127975296,0.007260130660955677
135,0.17545453707377115,0.008456150690714518,0.8785247707883896,0.9437491262209626,RandomForestRegressor,5,20,dict,82,0.8856179737239052,0.9406145812499999,0.8918579818714193,0.9543632764748242,0.8580485362478482,0.9362695209380638,0.01136354587397347,0.00375557213367386,0.014684103875484902,0.007712112831438301
136,0.17624235153198242,0.011993964513142904,0.8783607564258917,0.9427764243622923,RandomForestRegressor,5,21,dict,86,0.8815794886269928,0.9400844873013422,0.8881889930808649,0.9533777995592382,0.8652819656945586,0.9348669862262964,0.017389262368894553,0.005516323580474247,0.009623207488634064,0.007793050169513915
137,0.19034107526143393,0.007236639658610026,0.8799271175556769,0.9431860578845063,RandomForestRegressor,5,22,dict,62,0.8862770995394939,0.9405551816995612,0.8854482497329534,0.9530412213977575,0.8680270494576049,0.9359617705562,0.02297469476167155,0.00288600270193581,0.008411190466437965,0.007216556999367397
138,0.19443655014038086,0.00457310676574707,0.8767279033517357,0.9434232980662315,RandomForestRegressor,5,23,dict,107,0.88501398390101,0.9393575432298232,0.8892681045281835,0.9546959054828141,0.8558508258169262,0.9362164454860573,0.0085081818053177,0.0005227716858044985,0.014846368393893368,0.00807342893840724
139,0.18922893206278482,0.009977022806803385,0.8811071709652281,0.9437982167472061,RandomForestRegressor,5,24,dict,46,0.8919385066545616,0.9412750241642498,0.8890629334108302,0.9537554007572117,0.8622742506397193,0.9363642253201568,0.004013845685746236,0.00270756071834121,0.0133524242507697,0.00732066123509887
140,0.19179836908976236,0.0060842037200927734,0.8818016988116983,0.9432678592436162,RandomForestRegressor,5,25,dict,39,0.8822608810742187,0.9404704400126066,0.8877930232156889,0.9533831174467963,0.8753354592020984,0.9359500202714458,0.007428058127267539,0.00042411991472546186,0.0050951120889498385,0.0073868073864523254
141,0.21274606386820474,0.00933074951171875,0.8817939749148381,0.9431989554714929,RandomForestRegressor,5,26,dict,40,0.885359919607008,0.9399719272190342,0.8882571842999835,0.9540302877052746,0.871740359486115,0.9355946514901697,0.010098443005808108,0.004732115393124901,0.007198248984242541,0.007864623498958131
142,0.2488872210184733,0.010692358016967773,0.8797736871066028,0.9436555429084691,RandomForestRegressor,5,27,dict,66,0.8893649136269166,0.9411042143213769,0.8877014367164868,0.953222901466234,0.862211981766331,0.9366395129377966,0.053300637999303506,0.005687861596681825,0.012421477981602607,0.00700638527538812
143,0.23057850201924643,0.012914816538492838,0.8797808429450198,0.9436694679754579,RandomForestRegressor,5,28,dict,65,0.8885896375994099,0.9407902970952544,0.8878676997562267,0.9535726596418408,0.8628439825734093,0.9366454471892784,0.017131289531292112,0.006934652033428695,0.011965223821401015,0.0072041584783421745
144,0.23898442586263022,0.011495590209960938,0.885088957501107,0.9441690532015001,RandomForestRegressor,5,29,dict,8,0.8895147078730261,0.9408074609901611,0.8886168873039795,0.9550601667802775,0.877115878106377,0.9366395318340617,0.005003201747845538,0.002100935563446296,0.00564288204441468,0.007886916364120098
145,0.009641170501708984,0.0028346379597981772,0.794278613051171,0.9191643226041583,RandomForestRegressor,6,1,dict,228,0.7894664834005072,0.9176548217517184,0.8186728973547869,0.9323197809323855,0.7746486970454065,0.9075183651283705,0.00088001224473667,0.0005845969540248071,0.018288863420172444,0.010181240955422194
146,0.021135807037353516,0.003289937973022461,0.8505690448984353,0.9393103798801942,RandomForestRegressor,6,2,dict,187,0.8582307953764958,0.9346768664453051,0.8637595864022697,0.953110486567798,0.8296658936678041,0.9301437866274792,0.0035513205075725237,0.0014271057569271817,0.014934457806931747,0.009932083084651535
147,0.02443663279215495,0.003472010294596354,0.8676411706096852,0.9460430605922991,RandomForestRegressor,6,3,dict,156,0.8619624826079415,0.942795223651286,0.8731796845432382,0.9569362968813668,0.8677816865658468,0.9383976612442447,0.005868841459282673,0.0008630956804845782,0.0045823363859016555,0.007909133387759195
148,0.03264061609903971,0.005362351735432942,0.862355081766433,0.9491893778497729,RandomForestRegressor,6,4,dict,178,0.8595873275189091,0.9439515494323856,0.876210028903186,0.9597457005343928,0.8512408469433278,0.9438708835825402,0.0009539087590167014,0.0004723259330368765,0.010377985339315311,0.007464519998463787
149,0.043643951416015625,0.004584312438964844,0.8800030769541539,0.9513619403435053,RandomForestRegressor,6,5,dict,60,0.8856406028088595,0.9478879782160955,0.8809340286794496,0.9593247823976149,0.8734185786971285,0.9468730604168054,0.0038355568788479197,0.0005496876025933028,0.005031901694120478,0.005645804030065242
150,0.048324267069498696,0.006419976552327474,0.8729825346810782,0.9518816655276328,RandomForestRegressor,6,6,dict,127,0.8890204209430888,0.9481287798502412,0.8784133538422567,0.9613654241486105,0.8514614665617353,0.9461507925840467,0.0022471267100415936,0.0037512785667480407,0.015804480435252465,0.006754473411107309
151,0.06436729431152344,0.006274302800496419,0.8725811145161015,0.9528917212221136,RandomForestRegressor,6,7,dict,131,0.8895357806348141,0.9502851047551574,0.8797216674459571,0.9611470968497484,0.8484271266405853,0.9472429620614353,0.012959476868761435,0.0012128767556972488,0.01752323164254579,0.005968086131374141
152,0.0726773738861084,0.0038842360178629556,0.886373992692407,0.9527868099743267,RandomForestRegressor,6,8,dict,5,0.8874226691669972,0.9485932522227821,0.8820891562761376,0.961091920494665,0.8896180457071147,0.9486752572055331,0.005539955627065637,0.001463864917690818,0.0031613360197689645,0.005872695393120803
153,0.0982518990834554,0.006833314895629883,0.8867981457598588,0.9542890452843066,RandomForestRegressor,6,9,dict,3,0.8918264756598162,0.9509407549246656,0.8873095401647636,0.9639431399347873,0.8812449099323021,0.9479832409934666,0.014753788737971302,0.0028157457132234795,0.00433415607622196,0.006932430059925616
154,0.08266671498616536,0.008266051610310873,0.879213605281179,0.9552075284511968,RandomForestRegressor,6,10,dict,77,0.8868558955270973,0.9517967991378248,0.8882081258830519,0.9644504849414053,0.862536216845954,0.9493753012743602,0.005188595213626984,0.007416061270356939,0.011791279840242402,0.006610098157899868
155,0.09477869669596355,0.003258228302001953,0.8757520546801317,0.9560184559747021,RandomForestRegressor,6,11,dict,112,0.8865605006028378,0.9519984550817048,0.887796935306726,0.9649009064172653,0.8528429883099795,0.951156006425136,0.005153851689109953,0.0007131389713841479,0.016187315691369768,0.006290250357136481
156,0.10968335469563802,0.004316886266072591,0.8774369464909502,0.9561778071511937,RandomForestRegressor,6,12,dict,102,0.8895440111166792,0.9521961067044257,0.887023854246445,0.9648079495267315,0.8556900619819672,0.9515293652224239,0.008900921295710722,0.0015784366618072899,0.015393100627577904,0.006108499767673225
157,0.10936848322550456,0.007294893264770508,0.8824244112362157,0.9562730345554927,RandomForestRegressor,6,13,dict,32,0.8943362485286663,0.9517826009557661,0.8874262249453622,0.9649225309562022,0.8654695074272976,0.9521139717545101,0.0037481579620845394,0.0007931939487083611,0.012302405998625605,0.006117613512962867
158,0.13042386372884116,0.007842779159545898,0.8755597335887884,0.9567960402409037,RandomForestRegressor,6,14,dict,115,0.8882304750819943,0.9540518640203506,0.8849547837706191,0.9646688689237246,0.8534401229096663,0.9516673877786357,0.012416854061789554,0.003809706766395426,0.01567906792852028,0.00565140132112454
159,0.12672964731852213,0.006914218266805013,0.8843611882696629,0.9559953214137956,RandomForestRegressor,6,15,dict,13,0.8930191964897423,0.9517532121895008,0.8880564391107164,0.9657907906584967,0.8719777993083808,0.9504419613933893,0.0072627305194475815,0.002918118906724289,0.008977514388024873,0.006947098097070916
160,0.14329401652018228,0.006868998209635417,0.8779915001221179,0.9557544814132276,RandomForestRegressor,6,16,dict,94,0.8928816903235964,0.9517286640737496,0.8860026905846141,0.9648620334468302,0.8550342624321337,0.9506727467191027,0.012966312335346428,0.0003969963754600615,0.016455071989168128,0.006454423206791166
161,0.14731899897257486,0.005079825719197591,0.8780497849355212,0.9573513351581237,RandomForestRegressor,6,17,dict,93,0.8843554143069842,0.9536773981738741,0.8887975311305258,0.9655372816504526,0.860954815770111,0.9528393256500443,0.004884905747247519,0.0017670016285742762,0.012208802881928568,0.005798441248603178
162,0.16294185320536295,0.004214127858479817,0.8777311466778307,0.9565140639120354,RandomForestRegressor,6,18,dict,97,0.8819471542104319,0.9538872512012203,0.8839114945704283,0.9643918696316426,0.8673094342881806,0.9512630709032431,0.00323896155815135,0.0015530516253370833,0.007403886856276365,0.0056725331070566305
163,0.18544483184814453,0.009586652119954428,0.8796398973899422,0.9572008933544495,RandomForestRegressor,6,19,dict,70,0.8908291252371457,0.9532629171047431,0.8886894343828496,0.9658137725162738,0.8593517697087579,0.9525259904423318,0.01961833890691021,0.0060528264677008085,0.014355033546011824,0.006097651505215352
164,0.18568102518717447,0.010182380676269531,0.8854039778474556,0.9565016763044135,RandomForestRegressor,6,20,dict,7,0.8943568593856349,0.9533928641350478,0.8868010371896878,0.965355291577727,0.8750287932087994,0.9507568732004656,0.015436080493417473,0.004846273557275599,0.00795072776131539,0.006352269390156985
165,0.20839468638102213,0.0056667327880859375,0.87956565579604,0.9562730729697907,RandomForestRegressor,6,21,dict,71,0.8916879552684306,0.9521014006400121,0.8869673182314921,0.9648291837589701,0.8599940744689101,0.95188863451039,0.024933909651058538,0.0018682991313408149,0.013956163076781445,0.006050707464642029
166,0.2299790382385254,0.010561943054199219,0.8800119098034479,0.9566587911106413,RandomForestRegressor,6,22,dict,59,0.894975005604703,0.953197862508505,0.8869872545462721,0.9653807017622918,0.8580199608677974,0.9513978090611273,0.011487037783814515,0.0028765282292891044,0.015870639288676155,0.006210949587348923
167,0.22423529624938965,0.007304827372233073,0.8794370113769536,0.95720760590633,RandomForestRegressor,6,23,dict,75,0.8898210033464051,0.9538873363883317,0.8889629478668363,0.9660636658742927,0.8594785221164992,0.9516718154563656,0.018237716333084162,0.004861927678207457,0.014099959437383245,0.006327162706253562
168,0.2317056655883789,0.013970057169596354,0.882862427865394,0.95734167992903,RandomForestRegressor,6,24,dict,25,0.8926818172383896,0.9539422648254948,0.8895900030385412,0.9663777884023426,0.8662751048691386,0.9517049865592523,0.029312330530659736,0.004847948585235862,0.011782590340795507,0.006454445277804288
169,0.2520178159077962,0.014501253763834635,0.8794756464940016,0.9569581688372844,RandomForestRegressor,6,25,dict,72,0.8922174432398124,0.952692086006185,0.8869271271035901,0.9657770295187287,0.8592331172426133,0.9524053909869395,0.020637017420421906,0.012977441642029372,0.014458556777604154,0.006236974496102932
170,0.2693323294321696,0.017819960912068684,0.8831685448173163,0.95741890934754,RandomForestRegressor,6,26,dict,23,0.8918922123800829,0.9531872532852016,0.8876150932656021,0.966605703548899,0.8699662063281886,0.9524637712085198,0.002655545351675724,0.007411612762296294,0.009486319500552223,0.0065027556903418755
171,0.2755726178487142,0.010564486185709635,0.8832516651094032,0.9571312047580983,RandomForestRegressor,6,27,dict,22,0.8912902072295124,0.9532013403635037,0.8886587891253185,0.9662407233019724,0.8697732046657299,0.9519515506088189,0.02204961387679892,0.004790158219879551,0.009579584360519772,0.006461578222262127
172,0.2932092348734538,0.01700735092163086,0.8816016589979248,0.9572659347214417,RandomForestRegressor,6,28,dict,43,0.8921485242875755,0.9527408674876934,0.8886115277464653,0.9663079257471144,0.864002103657201,0.9527490109295175,0.0011328189155187104,0.008181278392406325,0.01251327718834954,0.006393654034023115
173,0.2890034516652425,0.010231415430704752,0.88221816761839,0.9574212434299246,RandomForestRegressor,6,29,dict,34,0.8927409594242844,0.9533972382543918,0.8861725618724804,0.9654553095177624,0.8677056713485027,0.9534111825176199,0.02613587974765253,0.005586580360421252,0.010594646382618362,0.005680945463472707
174,0.008579095204671225,0.0057570139567057295,0.8126966821202286,0.9261922803621728,RandomForestRegressor,7,1,dict,226,0.8228853753251361,0.9250775280235627,0.8445710140068807,0.9380800044246044,0.7705310642845434,0.9154193086383514,0.0012682948361954964,0.003382546965146949,0.03106844314915112,0.009284711015485017
175,0.022253036499023438,0.00453488032023112,0.8500984483501585,0.9481287877789552,RandomForestRegressor,7,2,dict,189,0.8343829861252815,0.941678055531019,0.8714229981262117,0.961571031567337,0.8444756800976381,0.9411372762385095,0.004262214190997015,0.0014335945381764147,0.015640182720429645,0.009507665297380475
176,0.029536644617716473,0.005065441131591797,0.8615008489767683,0.956647615167116,RandomForestRegressor,7,3,dict,182,0.8712493042490158,0.9544006340710669,0.8623282120636704,0.9643007239245327,0.8508992359386937,0.9512414875057482,0.005271523962201579,0.0005950447566475771,0.008326790959774616,0.005563129035289884
177,0.0504605770111084,0.003095706303914388,0.864549824878698,0.959814083747968,RandomForestRegressor,7,4,dict,168,0.8839445114137852,0.9542491353050675,0.8754069626849177,0.9697884065705925,0.8342242155999735,0.9554047093682438,0.0016707847484764846,0.0012785070622964353,0.021699323786989442,0.007068671477315397
178,0.06016135215759277,0.0041929880777994795,0.8700484693879991,0.9613240067613784,RandomForestRegressor,7,5,dict,143,0.8687848262888157,0.9572257300262755,0.8867636024458263,0.9695907359510909,0.8545592928684808,0.9571555543067685,0.007431441882392542,0.0020310806252467487,0.01317504791694177,0.005845530473785759
179,0.07175739606221516,0.0032296180725097656,0.865257918998017,0.9616583163765271,RandomForestRegressor,7,6,dict,166,0.8770965775248263,0.9591875312575022,0.8778962364783436,0.9688456717770068,0.8407212430494005,0.9569417460950725,0.0004546893939721904,0.0017604606702971233,0.01733200728395824,0.005164264774295858
180,0.07892886797587077,0.006912787755330403,0.8748276219325126,0.9642428721441715,RandomForestRegressor,7,7,dict,119,0.8852267351055725,0.9607973046476641,0.8830074154744102,0.9713831310327466,0.856203400810933,0.9605481807521037,0.010116282852466471,0.004586325396265814,0.013184475580950253,0.005049949730821904
181,0.08686447143554688,0.002394517262776693,0.8704004798522115,0.9643088498054962,RandomForestRegressor,7,8,dict,141,0.8868233542402892,0.959532668255786,0.8771348866261475,0.9728091183393703,0.8471867175166317,0.9605847628213325,0.006564642089257371,0.0006961368066218493,0.016865376063963128,0.006025924526836257
182,0.08748094240824382,0.0030399958292643228,0.8749404708663209,0.9647575259839396,RandomForestRegressor,7,9,dict,118,0.8817412758242008,0.9601694737964055,0.8833295180249523,0.9724274115722399,0.8597135703300133,0.9616756925831735,0.007596334843460687,0.0009187649878041193,0.010773483364266931,0.005458176280383716
183,0.10342121124267578,0.004972060521443685,0.8776951872072365,0.9656117410888737,RandomForestRegressor,7,10,dict,98,0.8865839898290935,0.9628149060352137,0.8857860774962664,0.9726216587848202,0.8606740804112011,0.961398658446587,0.004958434934420524,0.0024586398087130404,0.012025505395228035,0.0049903673135372455
184,0.1048733393351237,0.005924622217814128,0.878252224100864,0.9655767022079983,RandomForestRegressor,7,11,dict,88,0.8891838440102908,0.9619407032198705,0.8853508409833235,0.973156503584784,0.86017801112168,0.9616328998193403,0.008574456842306457,0.003766555448099348,0.012860474699527863,0.005361201819056794
185,0.11778140068054199,0.0052805741628011065,0.8757228827626812,0.9667717382230926,RandomForestRegressor,7,12,dict,113,0.8811079401839311,0.9636056984715949,0.8871040203909542,0.974249882162697,0.8589157945545014,0.962459634034986,0.0134989715905486,0.001637634034100336,0.012119921051720123,0.005308505345782124
186,0.11882130304972331,0.004518906275431315,0.8791451265503849,0.9662789203811317,RandomForestRegressor,7,13,dict,79,0.8885868458661793,0.9625877682369797,0.8855860509280781,0.9738051239514557,0.8632237447015474,0.9624438689549599,0.0015280587839552,0.0018413154006455,0.011311004850487007,0.005322153817601098
187,0.13370529810587564,0.006826639175415039,0.87480507038473,0.9666362790985784,RandomForestRegressor,7,14,dict,120,0.886168563498794,0.9634831637152677,0.8849655007024202,0.973683149795613,0.8532286495787517,0.9627425237848546,0.0031282209621808017,0.0034797145362771855,0.015246181068138858,0.004992055477935185
188,0.13827856381734213,0.008870442708333334,0.8742709658658492,0.9675143961147107,RandomForestRegressor,7,15,dict,123,0.8850452866995193,0.9639853510858784,0.8845880163884228,0.9750215297131319,0.8531281521404437,0.9635363075451219,0.0015408914417363623,0.0017659904151803153,0.014933196092674132,0.005311509589170943
189,0.15309627850850424,0.008237441380818685,0.8833515067612425,0.966747766891806,RandomForestRegressor,7,16,dict,21,0.8921669854574367,0.962746100217283,0.8868525618261666,0.974568837676174,0.8710049326738778,0.9629283627819613,0.004583142376793261,0.0005287277811149789,0.008985794463754903,0.005530832732430714
190,0.16139944394429526,0.005378882090250651,0.8781281013169626,0.9675812950092895,RandomForestRegressor,7,17,dict,92,0.8825833598481194,0.9649323654512462,0.8862707569207559,0.9741564541473874,0.8654994605621713,0.963655065429235,0.004807448806971337,0.002281258148152878,0.0090451785427723,0.004678490647280846
191,0.1680943171183268,0.008718331654866537,0.8813010685719731,0.9676633605988219,RandomForestRegressor,7,18,dict,44,0.8871235006855425,0.9639535610130526,0.8848870018393857,0.9744100116454082,0.8718697559583541,0.9646265091380045,0.010450092014421939,0.002918226502857124,0.00672316508261043,0.004778506743954169
192,0.17162712415059408,0.0075028737386067705,0.8820597631166395,0.9678318465807384,RandomForestRegressor,7,19,dict,35,0.8893929137614672,0.9644581961171912,0.8858355589400589,0.9751216405305406,0.8709237216570062,0.9639157030944836,0.008313924683099327,0.0036807545700058833,0.007997855028972227,0.005159418348538308
193,0.187788724899292,0.00727995236714681,0.8810614116048385,0.9678790067543054,RandomForestRegressor,7,20,dict,47,0.8792057588159333,0.9640208195247695,0.8866224404502134,0.9748079660663199,0.877346998045792,0.9648082346718264,0.004572346485665623,0.0031923892476057613,0.0040071126831942834,0.004910048439280381
194,0.19042396545410156,0.021950562795003254,0.8787399892926265,0.9675981321343091,RandomForestRegressor,7,21,dict,81,0.883193047415809,0.9636796884143306,0.8891169792735657,0.9755154661523265,0.8638737703394704,0.9635992418362707,0.0014710194092807693,0.004317330451575027,0.010774365254412539,0.00559849690408777
195,0.2019010384877523,0.008361260096232096,0.884578858551614,0.967619788262625,RandomForestRegressor,7,22,dict,12,0.8872512189181062,0.9646717381219834,0.8878475411171379,0.9736481326099442,0.8786233252709835,0.9645394940559474,0.017793142554683335,0.005359889168542632,0.004213116928343815,0.004263025044937147
196,0.21143341064453125,0.008809089660644531,0.88172953775339,0.9676955855462404,RandomForestRegressor,7,23,dict,41,0.8913868615549033,0.9643125308346889,0.8876225076756067,0.9751962186585352,0.8661413164839922,0.9635780071454968,0.008349739382534527,0.002990878531511907,0.011115950402860762,0.005312218875789239
197,0.21924630800882974,0.006637414296468099,0.8837568503952836,0.9674340238075753,RandomForestRegressor,7,24,dict,16,0.886876153516798,0.9638184669059495,0.8882503106754311,0.9744970048730273,0.876125519278008,0.9639865996437489,0.005116793291838594,0.0018607513027210569,0.0054187390187624305,0.004994753467561769
198,0.2360400358835856,0.005790233612060547,0.8818610009269285,0.967655528004066,RandomForestRegressor,7,25,dict,38,0.8913039627960219,0.9643676023312224,0.8875361587538192,0.974174969214465,0.8667060077682714,0.9644240124665103,0.007071475957810539,0.0027958000200068995,0.010813208527866892,0.004609998611549191
199,0.24556207656860352,0.014140685399373373,0.8837987959912154,0.9680173834551465,RandomForestRegressor,7,26,dict,15,0.8892886436110121,0.9653514983075516,0.887199660296178,0.9749007139792352,0.8748863994032248,0.9637999380786529,0.009957984887846326,0.004666810217975424,0.0063519031957075785,0.0049082932616720115
200,0.25818347930908203,0.00896469751993815,0.8781432597898231,0.9686994796995445,RandomForestRegressor,7,27,dict,91,0.8825993285223855,0.9644719234819229,0.8918492113097204,0.9760136980726115,0.8599369419269913,0.9656128175440992,0.01725070217958794,0.0033520153527501206,0.013401618814798297,0.005192863861233677
201,0.2739994525909424,0.008597930272420248,0.8827330609282514,0.9678844465369254,RandomForestRegressor,7,28,dict,27,0.8829616327508021,0.964645652783729,0.8885122240989417,0.974149753004305,0.8767106729228319,0.9648579338227423,0.007923454242732983,0.003192101799677315,0.004819695791930929,0.004431088252902952
202,0.29081543286641437,0.010921239852905273,0.8826584710494114,0.9680355820616461,RandomForestRegressor,7,29,dict,28,0.890141608146625,0.9647973203699111,0.8837125534012996,0.9744550975905164,0.8741004291138487,0.964854328224511,0.0034844556074289075,0.002638299361880732,0.0065897893289527144,0.004539342624428213
203,0.012148300806681315,0.0012987454732259114,0.757249824621801,0.92807317006848,RandomForestRegressor,8,1,dict,232,0.6914239802222077,0.9213879895052811,0.8218932351610695,0.9374163743770765,0.7584351424671506,0.9254151463230822,0.005117307088207891,0.0007425957958979114,0.05329203803328205,0.006808137193727482
204,0.025299946467081707,0.002307732899983724,0.832446085882573,0.9553636471230343,RandomForestRegressor,8,2,dict,213,0.8179325521932943,0.9505397307015999,0.8614778269643378,0.9649120920557427,0.8178924682281536,0.9506391186117602,0.0015969191394330313,0.0008782225591686082,0.02054104585609797,0.006751892078713705
205,0.030992746353149414,0.0023245811462402344,0.8559614341427798,0.9609758107976493,RandomForestRegressor,8,3,dict,185,0.8558989226364764,0.9572317871663985,0.8719903375003892,0.9725133754102206,0.8399560998723237,0.9531822698163284,0.0034944195606750952,0.0008953261764964393,0.013075333786339472,0.008324109385156514
206,0.04087217648824056,0.00580588976542155,0.8619623434010054,0.965944336608735,RandomForestRegressor,8,4,dict,180,0.8787924839309886,0.9637875842719534,0.8731028045925902,0.9710496184760693,0.8339235206996285,0.9629958070781822,0.0029761115599346894,0.00038769066849381266,0.019938183446507433,0.0036244222518762408
207,0.0511627197265625,0.0033615430196126304,0.8622756992098863,0.9683893205689059,RandomForestRegressor,8,5,dict,179,0.8752954696262649,0.9631244696754336,0.8852665963017541,0.976204623512113,0.8261772008052783,0.9658388685191712,0.0050200440863295255,0.001627604837994884,0.025817620400124665,0.005636264149315964
208,0.06626272201538086,0.00493160883585612,0.8673854524391073,0.9705408610318759,RandomForestRegressor,8,6,dict,157,0.8717123054809791,0.9661390522108931,0.8847335227928634,0.9767282296438257,0.8456576633766607,0.968755301240909,0.008555035191164313,0.001128915376421978,0.01624055732929147,0.004503616139790353
209,0.06894723574320476,0.006277322769165039,0.8704631362488124,0.9710259349364799,RandomForestRegressor,8,7,dict,139,0.8688178559923844,0.9684218000065469,0.8779885954858484,0.9767829822537658,0.8645686153682518,0.9678730225491274,0.011384291815843392,0.0013608881675832058,0.005599899421581118,0.004077007442928647
210,0.0777281125386556,0.00548561414082845,0.877926419063626,0.9728119488714757,RandomForestRegressor,8,8,dict,95,0.8774451543429811,0.9708422283398643,0.8849101398915535,0.9798241603118811,0.8714081033073009,0.9677694579626819,0.011260105234456258,0.000586506743195319,0.0055215702429576635,0.005114607277946585
211,0.10643863677978516,0.007365067799886067,0.8721789717612691,0.9731300747802917,RandomForestRegressor,8,9,dict,133,0.8792388989087314,0.9704316723826636,0.8764168901219621,0.9780231585391622,0.8608535705323621,0.9709353934190491,0.007992655819463464,0.0008273990453272854,0.008081131293206718,0.003466038586447705
212,0.10872165362040202,0.0070870717366536455,0.8639475233920283,0.9727827323965901,RandomForestRegressor,8,10,dict,172,0.882107971329872,0.9707624230439095,0.887749991166849,0.9787828674566653,0.8218822591044548,0.9688029066891954,0.0025219967359154695,0.004265484044550713,0.029797655514623947,0.004317494770539664
213,0.11298934618631999,0.007082780202229817,0.8707421784629067,0.9742847392025537,RandomForestRegressor,8,11,dict,138,0.879888176472529,0.9708388734969926,0.8779098415775972,0.9801462080138742,0.8543887279212172,0.9718691360967942,0.009486107751203034,0.00344523544341065,0.011577787186393396,0.004165971093330669
214,0.12676898638407388,0.004183133443196614,0.8791951532565209,0.9740789550204987,RandomForestRegressor,8,12,dict,78,0.8857864674893478,0.9708951733402508,0.8891199914060771,0.978960197539811,0.862638717575644,0.9723814941814344,0.007815356892525247,0.002933536225800043,0.011771910389689041,0.003504490815129525
215,0.13276934623718262,0.0076406002044677734,0.8764743304819248,0.973791742434365,RandomForestRegressor,8,13,dict,108,0.8819084251182515,0.9712136542482136,0.8886569904346586,0.9797418485028471,0.8588146081987442,0.9704197245520342,0.011060984107616152,0.0008181092589534474,0.012773025492422792,0.004219826438789451
216,0.14454889297485352,0.007108767827351888,0.8794753858670294,0.974564095182767,RandomForestRegressor,8,14,dict,73,0.8890703348032237,0.9716200848838387,0.8862437113272547,0.9807164355440565,0.8630722010452532,0.9713557651204057,0.012280132495060337,0.0016314485343560134,0.011642062590338216,0.004351699681365877
217,0.16136892636617026,0.010479052861531576,0.8771091630485248,0.974724508002358,RandomForestRegressor,8,15,dict,104,0.8792798171663617,0.9717509231679923,0.8878245821932507,0.9803189502884424,0.8641916603389803,0.9721036505506392,0.006251360890327145,0.0024221078069655974,0.009767633046825926,0.003958488139080759
218,0.1678487459818522,0.007502396901448567,0.8768085943657324,0.9748473674514958,RandomForestRegressor,8,16,dict,106,0.8849745836514449,0.9724958066669864,0.8830697269626409,0.9802620567467517,0.8623462843809586,0.9717842389407491,0.009461592311766161,0.0023593560981684603,0.01024353414568276,0.003839767986078969
219,0.18071508407592773,0.006981611251831055,0.8778113216065022,0.9750545240784717,RandomForestRegressor,8,17,dict,96,0.8901494537554205,0.9725605789820317,0.8852019406601612,0.9800403823692826,0.858034451498553,0.9725626108841005,0.014594521640471682,0.0021812839664628364,0.014112740130923304,0.003525534305056286
220,0.18166335423787436,0.007074753443400065,0.879941085757467,0.9745519423572757,RandomForestRegressor,8,18,dict,61,0.8850163721841545,0.9716463557036258,0.8886819379860095,0.9802913227132359,0.8660912492030779,0.9717181486549651,0.005737227038230098,0.0028399715694320776,0.009895294044456153,0.004058460603870473
221,0.20823232332865396,0.003808736801147461,0.8764699682193777,0.9754660892940041,RandomForestRegressor,8,19,dict,109,0.8822470076452396,0.9732775691189877,0.8871651957412007,0.9809970989468942,0.8599575250108449,0.9721235998161306,0.004166650147602919,0.0003033172245282252,0.011833570362873575,0.003939286070957227
222,0.20665899912516275,0.008624076843261719,0.8794736459767403,0.975435850146814,RandomForestRegressor,8,20,dict,74,0.8848921624954713,0.97381162054083,0.8862538514181281,0.9798232938716461,0.8672451710362313,0.9726726360279658,0.00927700325003962,0.0017052497598723103,0.008654199357715841,0.003137044071421668
223,0.20969160397847494,0.02063298225402832,0.8793132349252892,0.9757115304766651,RandomForestRegressor,8,21,dict,76,0.8888700056513875,0.9733646620086288,0.8858342086001367,0.9804501162073395,0.8631962765136094,0.973319813214027,0.0043587186644371105,0.00959417337656931,0.01144986577722334,0.0033507361279582785
224,0.2079749902089437,0.015164693196614584,0.8803469608233984,0.9758195078148076,RandomForestRegressor,8,22,dict,55,0.8895977415162911,0.9735129781649101,0.885473827986201,0.9802368587031525,0.8659342455339086,0.9737086865763603,0.0037377947272872144,0.0054884609305441544,0.010317326059781825,0.0031245604596112104
225,0.22177624702453613,0.010132074356079102,0.8784891673801342,0.9758930159335787,RandomForestRegressor,8,23,dict,83,0.8861101844961288,0.9736106528605296,0.8863592378354793,0.9809568185382216,0.8629602966683769,0.973111576401985,0.0018848331324369894,0.0018615372109239425,0.010967674975068167,0.0035864413134246995
226,0.2518525918324788,0.010494311650594076,0.8796462327356445,0.9763003346952797,RandomForestRegressor,8,24,dict,69,0.8851258012102209,0.9734598617709803,0.8875669568111473,0.9813235719510559,0.8662132565451991,0.9741175703638025,0.01381181916736555,0.0011774432997296636,0.009539230489794786,0.0035620995254795514
227,0.25026337305704754,0.004052639007568359,0.8775691230590345,0.975796543859755,RandomForestRegressor,8,25,dict,99,0.8847839082809713,0.9725743780562945,0.8855733614245418,0.9811704432090971,0.8623129799018647,0.9736448103138733,0.02050273558362658,0.0004344499870336309,0.01077941363453706,0.0038249664022194083
228,0.2668899695078532,0.014175891876220703,0.8790927751596783,0.9758434747771162,RandomForestRegressor,8,26,dict,80,0.8860900931750367,0.972704151304932,0.8860731881320055,0.9814298018337849,0.8650809521451934,0.9733964711926317,0.0061378246621087195,0.006287756255397675,0.009895796786540581,0.00396022846098367
229,0.26629360516866046,0.01251999537150065,0.8804112878160222,0.9766435765557091,RandomForestRegressor,8,27,dict,54,0.8854399865570166,0.973837372321469,0.890717356980676,0.9814196574306238,0.8650391180374334,0.9746736999150344,0.003475087627343439,0.003211976892952683,0.011068417621841643,0.0033944142699179705
230,0.2805832227071126,0.010269800821940104,0.884581338103474,0.9761631650815543,RandomForestRegressor,8,28,dict,11,0.8897194816651248,0.972544943082876,0.8935700612647063,0.9819670251357161,0.8704200156080959,0.9739775270260711,0.012949788085946207,0.004552284427674832,0.010124264126850602,0.00414541255162825
231,0.28591076532999676,0.011620918909708658,0.881149114410575,0.9765658294492187,RandomForestRegressor,8,29,dict,45,0.8863166113192132,0.9737266701115674,0.8868408115599127,0.9819986342873098,0.8702634345134328,0.9739721839487788,0.0010330992284065727,0.002024389156780033,0.007690948579348272,0.0038428804793327743
232,0.009645700454711914,0.0018766721089680989,0.7902007389190481,0.9338391324133372,RandomForestRegressor,9,1,dict,229,0.7356874057809508,0.9266698688193338,0.8267175126898862,0.9560036876889882,0.8082411923335443,0.9188438407316893,0.004452214429622629,0.00033519200871013927,0.03930056122535518,0.015995047396672412
233,0.025962352752685547,0.0040556589762369795,0.8303147701436725,0.9612432271010852,RandomForestRegressor,9,2,dict,217,0.8006403748087445,0.9559675519801755,0.8533487827174686,0.9682731397354091,0.8369713489603192,0.9594889895876714,0.004432521620911096,0.0006502800590119581,0.0220342081437799,0.005174610094202933
234,0.035531202952067055,0.005507707595825195,0.8491903106612116,0.9684580922348381,RandomForestRegressor,9,3,dict,190,0.8220649159552202,0.9675908115571024,0.8778679291256881,0.9743580596775067,0.8476343009911207,0.9634254054699055,0.0018274167873635107,0.0010815089508766206,0.022817207258948653,0.004505172126658069
235,0.04141688346862793,0.008632500966389975,0.8615367717153897,0.97039029941461,RandomForestRegressor,9,4,dict,181,0.8559313901353285,0.9680059927257942,0.8729668211646837,0.9765340130022274,0.8556978973391587,0.9666308925158084,0.004785275066437208,0.005120027690993909,0.008087747719199463,0.004380383364644539
236,0.055940866470336914,0.0042506059010823565,0.8639738111940904,0.973889988328294,RandomForestRegressor,9,5,dict,171,0.8673415467937596,0.9715290041672485,0.8788667936751583,0.9783614004262557,0.845668554776571,0.9717795603913776,0.0007688774307669056,0.001887793294171885,0.013758273352249602,0.003163420007703875
237,0.06076852480570475,0.0032351811726888022,0.8756038413132139,0.9756438657710977,RandomForestRegressor,9,6,dict,114,0.8828529580600046,0.9716336602749428,0.8844078572068416,0.981303802041991,0.8595115546907457,0.9739941349963596,0.002358487827788796,0.0012339796402292727,0.01138284168313008,0.004116561604910999
238,0.07267880439758301,0.005243857701619466,0.8702723941485305,0.9763650193428512,RandomForestRegressor,9,7,dict,142,0.8740163602242812,0.9729803360148219,0.8854206639299214,0.9818253728702786,0.8513340796673475,0.9742893491434532,0.007103469833154372,0.0006087615969284764,0.014162891779992507,0.0038978604666405152
239,0.08144497871398926,0.006178379058837891,0.8704605117079027,0.9778283305828751,RandomForestRegressor,9,8,dict,140,0.8783614381810608,0.9751217574674435,0.8829111496696417,0.9819512002091761,0.8500593093109693,0.9764120340720059,0.004247253403090787,0.0033847892338926223,0.01452759346822061,0.0029625151359024453
240,0.09368062019348145,0.006463289260864258,0.8681262319880184,0.9774407857395033,RandomForestRegressor,9,9,dict,151,0.889016077858698,0.9750613978973873,0.8789472336296424,0.9815918728016125,0.836338040945197,0.9756690865195103,0.004093069652537636,0.0015936187821973644,0.022823800994214143,0.002945727325384095
241,0.10564494132995605,0.008569558461507162,0.8656986539670783,0.9784983631847369,RandomForestRegressor,9,10,dict,165,0.877892982178238,0.977048287358199,0.8798452053994082,0.9823854827408909,0.8392935282756777,0.9760613194551208,0.0027808512127595166,0.0006799781008017976,0.01866555197155571,0.002777984910362518
242,0.11957653363545735,0.0050783952077229815,0.8753920131872179,0.9794694166412014,RandomForestRegressor,9,11,dict,116,0.8766166094757075,0.9779904544242456,0.8872677696270782,0.9840565688686478,0.8622597083790426,0.9763612266307105,0.002611068223537748,0.002850429488576065,0.010244126542532307,0.0033110995121593103
243,0.13223044077555338,0.007672627766927083,0.8772455463975426,0.9791453085807339,RandomForestRegressor,9,12,dict,103,0.892436265494116,0.9761403766242476,0.8850419131793407,0.9840705602053624,0.8542023944560532,0.977224988912592,0.0030135123166177024,0.0014915294599140922,0.016551966470027223,0.003510714421921901
244,0.13655559221903482,0.0069226423899332685,0.8728550606926191,0.9797372996249442,RandomForestRegressor,9,13,dict,129,0.880811733498173,0.9771876324368635,0.8830647626809459,0.9829482458492901,0.8546443776675337,0.979076020588679,0.0021767098546124075,0.002448539309231588,0.012894097745358345,0.0023977954033806677
245,0.1485004425048828,0.01054088274637858,0.876850455225634,0.979500417187135,RandomForestRegressor,9,14,dict,105,0.8930111099642484,0.9770691478475156,0.8832812566255979,0.9841967290436695,0.8542038979745227,0.9772353746702201,0.003511075434038232,0.0026048037128268515,0.016480306444593668,0.0033214872802722825
246,0.16139006614685059,0.00785501797993978,0.8775583821003048,0.9807080610970652,RandomForestRegressor,9,15,dict,100,0.8916318156772279,0.9781671190684511,0.8861078047979046,0.9845589274320519,0.8548803481275515,0.9793981367906928,0.005748721669732663,0.0020552560433940003,0.016174389087279056,0.0027689624778447523
247,0.17379299799601236,0.006126721700032552,0.8737840143424349,0.9800373170936165,RandomForestRegressor,9,16,dict,124,0.8882910162699931,0.9776848681217548,0.8831490789737861,0.9846922748484177,0.8498537232309425,0.9777348083106768,0.016941869485580064,0.00368051621892324,0.017030646329336555,0.003291615335956461
248,0.17628002166748047,0.00923005739847819,0.8808155465741213,0.9802430117141655,RandomForestRegressor,9,17,dict,49,0.8884825542416898,0.9781848742912835,0.8898378027917144,0.9844406388720984,0.8640855771672886,0.9781035219791145,0.01747801927822839,0.00454750335572326,0.011828431934137114,0.0029683564327122004
249,0.18782671292622885,0.011440038681030273,0.8805564126839707,0.9802965428885876,RandomForestRegressor,9,18,dict,53,0.8877092310957364,0.9777060837436314,0.8888825610589569,0.9843657509542556,0.8650396923196899,0.9788177939678758,0.01349627843324286,0.006980754916771036,0.010969094600517027,0.0029129384496238376
250,0.20472311973571777,0.01078494389851888,0.8797582121985378,0.9803047430876534,RandomForestRegressor,9,19,dict,67,0.8911234867054904,0.9773750555142593,0.8873033863944658,0.984257859343206,0.8608016404500403,0.979281314405495,0.0012347122215654019,0.0027070823693002345,0.013478605543515947,0.002901585984427497
251,0.20806368192036948,0.0038987000783284507,0.883477229142265,0.980068755480859,RandomForestRegressor,9,20,dict,20,0.8919255600020168,0.9777463421858956,0.885794549068109,0.9847163909583494,0.8726853206718264,0.9777435332983322,0.009106527932200483,0.00020374225025974078,0.008022526197856034,0.0032863747626812527
252,0.23237228393554688,0.015386660893758139,0.8830297999480339,0.980119192575352,RandomForestRegressor,9,21,dict,24,0.879152863006593,0.9780816066632283,0.8846991182650255,0.9846342812665428,0.8852428030081524,0.977641689796285,0.0032926434847839357,0.004855474537386962,0.0027520391230136413,0.0031976972057450614
253,0.23162595431009927,0.00977166493733724,0.8775485575824605,0.9809880477596876,RandomForestRegressor,9,22,dict,101,0.8854401166130479,0.9779629869268632,0.8901173304457576,0.9855316250692292,0.8570383224400543,0.9794695312829705,0.012968066452538469,0.004563452241435255,0.014610685249178471,0.003271135383936824
254,0.24241463343302408,0.012392679850260416,0.8782373343225718,0.980541276576536,RandomForestRegressor,9,23,dict,90,0.8937722783263204,0.9781019595703224,0.8875389381672701,0.9845080353693377,0.8533402095281528,0.9790138347899481,0.014955109747138295,0.004642822288608256,0.017766832211745687,0.0028295182857680633
255,0.2583943208058675,0.010974645614624023,0.8874963190799696,0.9810874572244527,RandomForestRegressor,9,24,dict,1,0.8893626021035991,0.9792484956129996,0.8910362627938776,0.985321394347707,0.8820769064235603,0.9786924817126513,0.009556255157477626,0.0029790347427323233,0.003887997225936789,0.0030024385130644248
256,0.26606003443400067,0.012743949890136719,0.8840866406455944,0.9805211521782023,RandomForestRegressor,9,25,dict,14,0.8905434307268673,0.9782492798103821,0.8868290968092543,0.9849445853395472,0.8748649572146984,0.9783695913846775,0.01314765603742138,0.008273866502922797,0.006687115530988893,0.0031282252069815214
257,0.2739960352579753,0.013459602991739908,0.881973439346408,0.9814025186275286,RandomForestRegressor,9,26,dict,36,0.8871323375302272,0.979062417007425,0.8892682386396813,0.9853996426732644,0.86948936699742,0.9797454962018964,0.00905466070364956,0.001592324138938019,0.008859875445705065,0.002840117341968971
258,0.2824852466583252,0.015821059544881184,0.8871294101616727,0.9806031454040719,RandomForestRegressor,9,27,dict,2,0.8936633073340601,0.978453439054934,0.8903456057132918,0.9851003863136752,0.877355536723705,0.9782556108436068,0.010366330969460396,0.004436033673598793,0.007034493529426769,0.003181054945512674
259,0.3125649293263753,0.00819857915242513,0.8846594396385898,0.981116664815068,RandomForestRegressor,9,28,dict,10,0.8871356589013407,0.9790296200500466,0.8894851489069917,0.9850987361139851,0.877339701525654,0.9792216382811723,0.014699245673409982,0.0021840824448059516,0.005257838554517226,0.0028168406205671768
260,0.3107796510060628,0.010653972625732422,0.8848092249414584,0.980757425350074,RandomForestRegressor,9,29,dict,9,0.8860832368257313,0.9789708696749763,0.8888064452879092,0.9849270767517091,0.8795251360467571,0.9783743296235371,0.017175186779217408,0.004177652051131176,0.0038940737618024857,0.0029584297204891144
261,0.013877471288045248,0.0022455056508382163,0.7654415357665071,0.9439394631549076,RandomForestRegressor,10,1,dict,231,0.7122715202852898,0.9396065138789158,0.8201638461724952,0.950664097474475,0.7638854547565536,0.9415477781113323,0.005782338505656329,0.001127408587088067,0.04407843225294149,0.004820626290842419
262,0.022751331329345703,0.0034089883168538413,0.8266132470771829,0.9598594236707965,RandomForestRegressor,10,2,dict,220,0.8224692645232261,0.9592698893244943,0.8547218378008438,0.966924272083658,0.8025901886436505,0.953384109604237,0.0019899892984431623,0.0008761191358843077,0.02147937914807974,0.005543444359564588
263,0.04163463910420736,0.0037909348805745444,0.8464688639426529,0.97053632205878,RandomForestRegressor,10,3,dict,193,0.8520581814725348,0.9682690877938849,0.8570454001598804,0.974589520067285,0.8302635812839654,0.9687503583151702,0.005874357557399332,0.001124864824791375,0.011624752520692698,0.002872770544355663
264,0.05344033241271973,0.0027240912119547525,0.8582394144630411,0.9743578814644601,RandomForestRegressor,10,4,dict,183,0.8450033906430965,0.9716220115286321,0.8779731525502795,0.98005311703515,0.8517258521121686,0.9713985158295982,0.006499962606936416,0.0011883563344179146,0.014229413847652653,0.004028173178676231
265,0.05471928914388021,0.00854333241780599,0.8627579282240416,0.9767312932228941,RandomForestRegressor,10,5,dict,176,0.8749749560513435,0.975239103865424,0.8802321145343235,0.979904648661478,0.8329942964910003,0.9750501271417804,0.0021595244499968136,0.005490747771144183,0.021129817945340443,0.0022452270271566465
266,0.06883804003397624,0.0030745665232340493,0.8630560163953253,0.977407211484271,RandomForestRegressor,10,6,dict,175,0.8577112159126492,0.9746649333692481,0.883875027231788,0.9828900055647524,0.8475440640650658,0.9746666955188127,0.00531457619613827,0.0012630951045489766,0.015303628654703241,0.0038769209409025888
267,0.07858554522196452,0.005377769470214844,0.8659769396477599,0.9783676596586313,RandomForestRegressor,10,7,dict,164,0.8776525463244089,0.9765407766922601,0.8807563504767486,0.982203626837124,0.8394573977091819,0.9763585754465094,0.004868984157553248,0.0005128128511534428,0.01877217026334679,0.0027134581219474723
268,0.09167337417602539,0.002407550811767578,0.8713355283959027,0.9796349969431598,RandomForestRegressor,10,8,dict,136,0.8851721260734735,0.9776419083035875,0.8852121135472582,0.984054058799061,0.8435547524381249,0.9772090237268307,0.002035379628556831,0.0005901535875274431,0.019620069529429816,0.0031297420584780592
269,0.10731132825215657,0.004778703053792317,0.880096769403387,0.980347942527508,RandomForestRegressor,10,9,dict,58,0.8849658516895732,0.9797571858490692,0.883393534249323,0.984488842103603,0.8719110055709427,0.9767977996298518,0.004082024018484229,0.00215562226550446,0.005816718392135437,0.0031675204469849075
270,0.11370309193929036,0.004304329554239909,0.8744952430151366,0.98104802263879,RandomForestRegressor,10,10,dict,122,0.875796224281606,0.9780945612355377,0.8871608588242987,0.9861683497492161,0.860494581068589,0.9788811569316161,0.004507850173202553,0.0028957816225184526,0.010923099105604963,0.0036348310814117704
271,0.12317744890848796,0.005117019017537435,0.8783770952769551,0.9808209672317417,RandomForestRegressor,10,11,dict,85,0.8834194483475761,0.9792553756429367,0.8821014818260061,0.9848594536450654,0.8695889733655278,0.9783480724072228,0.0031695343926273567,0.002090139434362325,0.006229873932831633,0.0028795635286544036
272,0.1404424508412679,0.0031425952911376953,0.8746834061231382,0.9824623043509155,RandomForestRegressor,10,12,dict,121,0.882614829892953,0.980941693313152,0.8802121898779022,0.9854990591120527,0.8611903688241092,0.9809461606275418,0.002810684910039407,0.0011978433355329186,0.00957979306668877,0.0021473106588927537
273,0.1542973518371582,0.0059203306833903,0.8808957765951645,0.9815942906618345,RandomForestRegressor,10,13,dict,48,0.8874329473942817,0.9796366632741851,0.8878858601929929,0.9859551504463274,0.8673355288948122,0.9791910582649909,0.01487238694589044,0.002726039501511207,0.009578657330141481,0.0030889550014053585
274,0.15077598889668783,0.011199712753295898,0.8797808979144743,0.9824282226334935,RandomForestRegressor,10,14,dict,64,0.8795750146491678,0.9804354487908618,0.8869903503542622,0.9870473999053532,0.8727602468639575,0.9798018192042657,0.003060987853874508,0.004066149348671851,0.005810058547270836,0.003276478863546553
275,0.17467586199442545,0.005276123682657878,0.8796901974528436,0.9833165622353618,RandomForestRegressor,10,15,dict,68,0.8801752114488488,0.9819452110050144,0.8867657590783361,0.9856819476610585,0.8721111814030007,0.9823225280400126,0.004498464423506965,0.0021785988017940555,0.005991323531305754,0.0016796583373409916
276,0.1763472557067871,0.006291786829630534,0.8826554865663585,0.9825546912179424,RandomForestRegressor,10,16,dict,29,0.8901073715962602,0.9811035616340948,0.8881610762114136,0.986482744508411,0.8696664082946334,0.9800777675113213,0.009723163499898973,0.002657644827554686,0.009207859855620447,0.0028089458740662033
277,0.18725458780924478,0.007933696111043295,0.8828291358151686,0.9837416879018069,RandomForestRegressor,10,17,dict,26,0.8879071427954074,0.9816304023033876,0.888142841481374,0.9868310059693066,0.8724120775281239,0.9827636554327265,0.010155224100648692,0.002890319857598162,0.007357635806694006,0.002232932340432527
278,0.2009462515513102,0.008208354314168295,0.8816646244292834,0.9833250069608696,RandomForestRegressor,10,18,dict,42,0.8864017975743032,0.9819945196402208,0.8880524095939433,0.9865144272927089,0.870512532074946,0.9814660739496791,0.004878516224596899,0.003664214243805986,0.00790491850077691,0.0022655558923180314
279,0.20860505104064941,0.007777690887451172,0.8801767298138831,0.9834417712934446,RandomForestRegressor,10,19,dict,56,0.886436653639342,0.9818835392325304,0.8880602098551204,0.9866117384085997,0.8659988298401952,0.9818300362392036,0.006644616224774519,0.001818166671961575,0.010035016776864516,0.0022416116636544596
280,0.21616307894388834,0.012991031010945639,0.8823182466574679,0.9831071933787116,RandomForestRegressor,10,20,dict,33,0.8912506543225547,0.981104198284835,0.8874394405543193,0.9866018082064657,0.868230368018549,0.9816155736448341,0.0033228414865916324,0.005416468093891895,0.0100705299444902,0.002479869053730155
281,0.23599672317504883,0.012880325317382812,0.8798800629522259,0.9840145315905012,RandomForestRegressor,10,21,dict,63,0.8850161194049128,0.9823661903468146,0.8854655410834775,0.98697270331366,0.8691323782839362,0.9827047011110291,0.017849954465863148,0.009358612055882627,0.007592728565266088,0.002096303467558141
282,0.22800270716349283,0.014812707901000977,0.8836011356133046,0.9840461480713043,RandomForestRegressor,10,22,dict,18,0.8863868831381292,0.9822424453289306,0.890141072526133,0.9870914527812172,0.8742527056038525,0.9828045461037652,0.009068204413677871,0.0030503680931763984,0.006777990147192292,0.00216554841436385
283,0.2619466781616211,0.01279759407043457,0.880794978297898,0.9839827453005795,RandomForestRegressor,10,23,dict,50,0.882569770050586,0.9830184607673095,0.8885104287219862,0.987314694184771,0.8712815891889831,0.9816150809496579,0.03922809724308804,0.0035677267821173694,0.007143448872733504,0.002424703590585457
284,0.2564695676167806,0.009090503056844076,0.882472456670312,0.9836680509583754,RandomForestRegressor,10,24,dict,31,0.8885802040243107,0.9813376398881608,0.8900066049883903,0.9874327336000909,0.8687972880819619,0.9822337793868743,0.0007162308492188039,0.0030459933447021985,0.00967558732694794,0.0026870545267900564
285,0.24164875348409018,0.00913548469543457,0.8824873158885914,0.9837521589808297,RandomForestRegressor,10,25,dict,30,0.8878295289021484,0.9819918813080327,0.8902841766438445,0.987481545702679,0.8693161955983939,0.9817830499317775,0.03229448558736761,0.0023131462533553344,0.009355917463741908,0.0026384524033046825
286,0.23935222625732422,0.008951743443806967,0.8835245737261822,0.9841675105503521,RandomForestRegressor,10,26,dict,19,0.8907667827732606,0.981993033541348,0.8862990387141313,0.9872624348938565,0.8734834687788742,0.9832470632158523,0.04128389318877064,0.0038642637366278695,0.0073224809604946735,0.002247526807425656
287,0.22811007499694824,0.007082939147949219,0.8818869387870052,0.9841605306897069,RandomForestRegressor,10,27,dict,37,0.8853035006961533,0.982754412092715,0.8873769972912736,0.9872637923147041,0.8729585949091656,0.9824633876617017,0.025676514299601702,0.003263288635888032,0.006362219049647354,0.002197551416121531
288,0.25364867846171063,0.00816194216410319,0.885690148859713,0.9842122576346549,RandomForestRegressor,10,28,dict,6,0.8865883305134316,0.9823122605939317,0.8899588682457173,0.9875339396566108,0.8805106456223319,0.9827905726534224,0.029789188964019178,0.0017654225303567793,0.003908445722560676,0.0023568869578043136
289,0.25875234603881836,0.007284959157307942,0.8864652213224274,0.9842540965181689,RandomForestRegressor,10,29,dict,4,0.8953504289577916,0.9826772471664442,0.8904525825709707,0.9874890028727917,0.8735612559290469,0.9825960395152705,0.038055843660084576,0.0013483508385958088,0.00933032619064984,0.0022876644586472946
